Id,KeyText,AddedOn,IsChecked,GroupName,GroupId,BaseFrequency,QuoteFrequency,QuotePointFrequency,KEI
783,самогон,2022-11-30 16:32:26.9581727,0,Самогон,1,1095996,,,
784,рецепт самогона,2022-11-30 16:32:26.9771292,0,Самогон,1,142914,,,
785,домашние самогоны,2022-11-30 16:32:26.979115,0,Самогон,1,138538,,,
786,самогон в домашних условиях,2022-11-30 16:32:26.9801124,0,Самогон,1,115888,,,
120,калькулятор самогонщика,2020-10-30 16:33:04.9705886,0,Главная,4,115772,71215,71143,2.84
787,настойки на самогоне,2022-11-30 16:32:26.9811097,0,Самогон,1,99372,,,
788,самогон сколько,2022-11-30 16:32:26.9821063,0,Самогон,1,71532,,,
789,брага для самогона,2022-11-30 16:32:26.9821063,0,Самогон,1,60748,,,
790,перегонка самогона,2022-11-30 16:32:26.9821063,0,Самогон,1,54867,,,
791,рецепты самогона в домашних,2022-11-30 16:32:26.9821063,0,Самогон,1,54269,,,
792,рецепты самогона в домашних условиях,2022-11-30 16:32:26.9821063,0,Самогон,1,51298,,,
793,литр самогона,2022-11-30 16:32:26.9831082,0,Самогон,1,49777,,,
794,сахаров самогон,2022-11-30 16:32:26.9831082,0,Самогон,1,48907,,,
795,дрожжи для самогона,2022-11-30 16:32:26.9831082,0,Самогон,1,44626,,,
796,купить самогон,2022-11-30 16:32:26.9841007,0,Самогон,1,43983,,,
797,самогон вторая,2022-11-30 16:32:26.9851025,0,Самогон,1,38915,,,
798,самогон можно,2022-11-30 16:32:26.9851025,0,Самогон,1,38544,,,
799,настой самогона,2022-11-30 16:32:26.9851025,0,Самогон,1,37353,,,
800,какой самогон,2022-11-30 16:32:26.9851025,0,Самогон,1,33257,,,
801,очистка самогона,2022-11-30 16:32:26.9851025,0,Самогон,1,33233,,,
802,лучший самогон,2022-11-30 16:32:26.9860958,0,Самогон,1,32632,,,
803,калькулятор самогона,2022-11-30 16:32:26.9860958,0,Самогон,1,32601,,,
804,рецепты настоек на самогоне,2022-11-30 16:32:26.9860958,0,Самогон,1,32042,,,
805,разбавление самогона,2022-11-30 16:32:26.9860958,0,Самогон,1,30510,,,
806,как сделать самогон,2022-11-30 16:32:26.9870932,0,Самогон,1,29327,,,
807,самогон из сахара,2022-11-30 16:32:26.9870932,0,Самогон,1,28930,,,
808,самогон градус,2022-11-30 16:32:26.9870932,0,Самогон,1,27441,,,
809,дубовый самогон,2022-11-30 16:32:26.9880896,0,Самогон,1,27188,,,
121,калькулятор самогонщика онлайн,2020-10-30 16:33:04.9735809,0,Главная,4,27127,19815,19781,3.19
810,вторая перегонка самогона,2022-11-30 16:32:26.9910821,0,Самогон,1,26234,,,
811,сколько литров самогона,2022-11-30 16:32:26.9910821,0,Самогон,1,26079,,,
812,правильный самогон,2022-11-30 16:32:26.992097,0,Самогон,1,25682,,,
813,после самогона,2022-11-30 16:32:26.9931071,0,Самогон,1,24400,,,
814,можно ли самогон,2022-11-30 16:32:26.9940945,0,Самогон,1,22409,,,
815,гонит самогон,2022-11-30 16:32:26.9950848,0,Самогон,1,22402,,,
816,гоним самогон,2022-11-30 16:32:26.9950848,0,Самогон,1,22402,,,
817,коньяк из самогона,2022-11-30 16:32:26.9950848,0,Самогон,1,22238,,,
818,приготовление самогона,2022-11-30 16:32:26.9960695,0,Самогон,1,22159,,,
819,разбавление самогона водой,2022-11-30 16:32:26.9960695,0,Самогон,1,21349,,,
820,запах самогона,2022-11-30 16:32:26.9960695,0,Самогон,1,21180,,,
821,перегон самогона,2022-11-30 16:32:26.9960695,0,Самогон,1,20566,,,
822,самогон из сахара и дрожжей,2022-11-30 16:32:26.9960695,0,Самогон,1,19893,,,
823,калькулятор разбавления самогона,2022-11-30 16:32:26.9960695,0,Самогон,1,19786,,,
824,настойки на самогоне в домашних,2022-11-30 16:32:26.997067,0,Самогон,1,19766,,,
825,калькулятор самогон вода,2022-11-30 16:32:26.997067,0,Самогон,1,18883,,,
670,калькулятор спирта,2020-10-30 16:39:24.8309692,0,калькулятор абсолютного спирта,19,18787,1729,1647,1.26
126,калькулятор самогона,2020-10-30 16:36:51.8064683,0,Главная,4,18710,506,450,1.07
826,настойки на самогоне в домашних условиях,2022-11-30 16:32:26.997067,0,Самогон,1,18303,,,
827,самогон рецепты приготовления,2022-11-30 16:32:26.997067,0,Самогон,1,17870,,,
828,самогон без,2022-11-30 16:32:26.997067,0,Самогон,1,17789,,,
829,самогонщики самогон,2022-11-30 16:32:26.9980671,0,Самогон,1,17737,,,
830,3 самогона,2022-11-30 16:32:26.9980671,0,Самогон,1,17524,,,
831,очистка самогона углем,2022-11-30 16:32:26.9980671,0,Самогон,1,16179,,,
832,как очистить самогон,2022-11-30 16:32:26.9990616,0,Самогон,1,16176,,,
833,домашний коньяк из самогона,2022-11-30 16:33:43.1518408,0,Самогон,1,15988,,,
834,самогон пропорции,2022-11-30 16:33:43.1528377,0,Самогон,1,15943,,,
835,температура самогона,2022-11-30 16:33:43.1538345,0,Самогон,1,15087,,,
836,самогон калькулятор самогонщика,2022-11-30 16:33:43.1538345,0,Самогон,1,14997,,,
837,головы самогона,2022-11-30 16:33:43.1538345,0,Самогон,1,14927,,,
838,рецепт браги для самогона,2022-11-30 16:33:43.1538345,0,Самогон,1,14906,,,
839,брага для самогона из сахара,2022-11-30 16:33:43.1548325,0,Самогон,1,14836,,,
840,лучший рецепт самогона,2022-11-30 16:33:43.1548325,0,Самогон,1,14503,,,
841,кокосовый самогон,2022-11-30 16:33:43.1548325,0,Самогон,1,14466,,,
842,самогон на кедровых,2022-11-30 16:33:43.1548325,0,Самогон,1,14245,,,
843,калькулятор самогонщика разбавление самогона,2022-11-30 16:33:43.1558306,0,Самогон,1,13867,,,
844,калькулятор разбавления самогона водой,2022-11-30 16:33:43.1558306,0,Самогон,1,13793,,,
845,самогон виноградов,2022-11-30 16:33:43.1568275,0,Самогон,1,13701,,,
846,рецепт самогона дрожжи,2022-11-30 16:33:43.1568275,0,Самогон,1,13431,,,
847,хороший домашний самогон,2022-11-30 16:33:43.1568275,0,Самогон,1,12977,,,
848,рецепты настоек на самогоне в домашних,2022-11-30 16:33:43.1568275,0,Самогон,1,12751,,,
849,самогон 1,2022-11-30 16:33:43.1568275,0,Самогон,1,12665,,,
850,самогон первого,2022-11-30 16:33:43.1568275,0,Самогон,1,12532,,,
851,первый самогон,2022-11-30 16:33:43.157824,0,Самогон,1,12532,,,
852,приготовление самогона в домашних,2022-11-30 16:33:43.157824,0,Самогон,1,12177,,,
853,почему самогон,2022-11-30 16:33:43.1588233,0,Самогон,1,12097,,,
854,рецепты настоек на самогоне в домашних условиях,2022-11-30 16:33:43.1588233,0,Самогон,1,12001,,,
855,самогон 40,2022-11-30 16:33:43.1588233,0,Самогон,1,12001,,,
856,таблица самогона,2022-11-30 16:33:43.1588233,0,Самогон,1,11851,,,
857,самогон и водка,2022-11-30 16:33:43.1588233,0,Самогон,1,11778,,,
858,коньяк из самогона в домашних условиях,2022-11-30 16:33:43.1588233,0,Самогон,1,11632,,,
859,хороший самогон в домашних условиях,2022-11-30 16:33:43.1588233,0,Самогон,1,11590,,,
860,самогон на орехах,2022-11-30 16:33:43.1588233,0,Самогон,1,11581,,,
861,брага из сахара и дрожжей для самогона,2022-11-30 16:33:43.159819,0,Самогон,1,11526,,,
862,самогон домашнего приготовления рецепты,2022-11-30 16:33:43.159819,0,Самогон,1,11358,,,
863,рецепт коньяка из самогона,2022-11-30 16:33:43.159819,0,Самогон,1,11315,,,
864,дрожжи на брагу для самогона,2022-11-30 16:33:43.159819,0,Самогон,1,11306,,,
865,магазин самогон,2022-11-30 16:33:43.159819,0,Самогон,1,11254,,,
866,домашний самогон лучшие рецепты,2022-11-30 16:33:43.159819,0,Самогон,1,11202,,,
867,приготовление самогона в домашних условиях,2022-11-30 16:33:43.159819,0,Самогон,1,11132,,,
868,вода для самогона,2022-11-30 16:33:43.159819,0,Самогон,1,10906,,,
869,уголь для самогона,2022-11-30 16:33:43.1608216,0,Самогон,1,10904,,,
870,сколько нужно самогона,2022-11-30 16:33:43.1608216,0,Самогон,1,10421,,,
871,как разбавить самогон,2022-11-30 16:33:43.1608216,0,Самогон,1,10324,,,
872,рецепт приготовления самогона в домашних условиях,2022-11-30 16:33:43.1608216,0,Самогон,1,10063,,,
873,самогон в домашних условиях лучшие рецепты,2022-11-30 16:33:43.1608216,0,Самогон,1,10022,,,
874,самогон из винограда,2022-11-30 16:33:43.1608216,0,Самогон,1,10020,,,
173,калькулятор разбавления самогона,2020-10-30 16:36:51.8084615,0,калькулятор разбавления самогона водой,5,9857,677,632,1.19
875,как сделать самогон в домашних,2022-11-30 16:33:43.1608216,0,Самогон,1,9854,,,
876,калькулятор самогонщика разбавление самогона водой,2022-11-30 16:33:43.1618151,0,Самогон,1,9726,,,
877,вкус самогона,2022-11-30 16:33:43.1618151,0,Самогон,1,9426,,,
878,бочка для самогона,2022-11-30 16:33:43.1618151,0,Самогон,1,9229,,,
879,как сделать самогон в домашних условиях,2022-11-30 16:33:43.1618151,0,Самогон,1,9180,,,
880,приготовление настоек самогона,2022-11-30 16:33:43.1638104,0,Самогон,1,9138,,,
881,самогон второго перегона,2022-11-30 16:33:43.1638104,0,Самогон,1,9119,,,
882,второй перегон самогона,2022-11-30 16:33:43.1638104,0,Самогон,1,9119,,,
883,банка самогона,2022-11-30 16:34:46.0816034,0,Самогон,1,8970,,,
884,самогон просто,2022-11-30 16:34:46.0835982,0,Самогон,1,8786,,,
885,3 литра самогона,2022-11-30 16:34:46.0835982,0,Самогон,1,8746,,,
886,самогон рецепты приготовления настоек,2022-11-30 16:34:46.0835982,0,Самогон,1,8740,,,
128,калькулятор самогонщика разбавление,2020-10-30 16:33:04.9745799,0,калькулятор разбавления самогона водой,5,8730,1811,1808,1.62
887,самогон 2,2022-11-30 16:34:46.0845829,0,Самогон,1,8621,,,
888,как приготовить самогон,2022-11-30 16:34:46.0845829,0,Самогон,1,8507,,,
889,самогон сахар на литр,2022-11-30 16:34:46.0845829,0,Самогон,1,8465,,,
890,самогон отзывы,2022-11-30 16:34:46.0845829,0,Самогон,1,8461,,,
891,самогон на орешках,2022-11-30 16:34:46.0845829,0,Самогон,1,8392,,,
892,самогон самому,2022-11-30 16:34:46.0845829,0,Самогон,1,8345,,,
893,как гнать самогон,2022-11-30 16:34:46.0845829,0,Самогон,1,8303,,,
894,самогон на кедровых орешках,2022-11-30 16:34:46.0845829,0,Самогон,1,8201,,,
895,очистка самогона кокосовым,2022-11-30 16:34:46.0845829,0,Самогон,1,8166,,,
896,самогон на грецких,2022-11-30 16:34:46.0855801,0,Самогон,1,8138,,,
897,самогон после второй перегонки,2022-11-30 16:34:46.0855801,0,Самогон,1,8138,,,
898,самогон видео,2022-11-30 16:34:46.0855801,0,Самогон,1,8137,,,
899,очистка самогона кокосовым углем,2022-11-30 16:34:46.0855801,0,Самогон,1,8046,,,
174,калькулятор разбавления самогона водой,2020-10-30 16:36:51.8084615,0,калькулятор разбавления самогона водой,5,8034,1029,574,1.21
900,самогон 20,2022-11-30 16:34:46.0855801,0,Самогон,1,8029,,,
901,рецепт самогона из сахара,2022-11-30 16:34:46.0855801,0,Самогон,1,8000,,,
902,самогон самых,2022-11-30 16:34:46.0855801,0,Самогон,1,7972,,,
903,самогон какая температура,2022-11-30 16:34:46.0855801,0,Самогон,1,7936,,,
904,первая перегонка самогона,2022-11-30 16:34:46.0855801,0,Самогон,1,7935,,,
905,самогон песня,2022-11-30 16:34:46.0865772,0,Самогон,1,7803,,,
906,на чем настоять самогон,2022-11-30 16:34:46.0865772,0,Самогон,1,7707,,,
907,сивушный самогон,2022-11-30 16:34:46.0865772,0,Самогон,1,7669,,,
908,самогон из пшеницы,2022-11-30 16:34:46.0865772,0,Самогон,1,7629,,,
909,рецепт коньяка из самогона в домашних условиях,2022-11-30 16:34:46.0865772,0,Самогон,1,7628,,,
910,самогон пила,2022-11-30 16:34:46.0865772,0,Самогон,1,7617,,,
911,самогон без дрожжей,2022-11-30 16:34:46.0865772,0,Самогон,1,7555,,,
912,1 литр самогона,2022-11-30 16:34:46.0865772,0,Самогон,1,7553,,,
913,таблица самогона водой,2022-11-30 16:34:46.0875744,0,Самогон,1,7293,,,
914,самогон через,2022-11-30 16:34:46.0875744,0,Самогон,1,7124,,,
915,самогон онлайн,2022-11-30 16:34:46.0875744,0,Самогон,1,7121,,,
916,самогон на грецких орехах,2022-11-30 16:34:46.0875744,0,Самогон,1,7107,,,
917,дубовая бочка для самогона,2022-11-30 16:34:46.0875744,0,Самогон,1,7106,,,
918,простой рецепт самогона,2022-11-30 16:34:46.0875744,0,Самогон,1,6996,,,
919,купить дрожжи для самогона,2022-11-30 16:34:46.0875744,0,Самогон,1,6990,,,
920,убрать самогон,2022-11-30 16:34:46.0875744,0,Самогон,1,6937,,,
921,сахарный самогон,2022-11-30 16:34:46.0875744,0,Самогон,1,6933,,,
1,самогон калькулятор самогонщика,2020-10-30 16:33:04.9745799,0,Все,3,6889,34,33,1.01
922,самогон из варенья,2022-11-30 16:34:46.0885732,0,Самогон,1,6812,,,
923,время самогона,2022-11-30 16:34:46.0885732,0,Самогон,1,6758,,,
924,самогон активированным,2022-11-30 16:34:46.0885732,0,Самогон,1,6714,,,
925,рецепт самогона из сахара и дрожжей,2022-11-30 16:34:46.0885732,0,Самогон,1,6667,,,
926,самогон в домашних условиях простой,2022-11-30 16:34:46.0885732,0,Самогон,1,6586,,,
927,какой самогон лучше,2022-11-30 16:34:46.0885732,0,Самогон,1,6539,,,
928,про самогон,2022-11-30 16:34:46.0885732,0,Самогон,1,6483,,,
929,самогон на клюкве,2022-11-30 16:34:46.0885732,0,Самогон,1,6480,,,
930,вода после самогона,2022-11-30 16:34:46.0885732,0,Самогон,1,6475,,,
931,как поставить самогон,2022-11-30 16:34:46.0895691,0,Самогон,1,6440,,,
932,крепость самогона,2022-11-30 16:34:46.0895691,0,Самогон,1,6410,,,
933,самогон на перегородках,2022-11-30 16:35:44.9578492,0,Самогон,1,6375,,,
934,самогон 20 литров,2022-11-30 16:35:44.9578492,0,Самогон,1,6345,,,
935,сколько самогона из браги,2022-11-30 16:35:44.9578492,0,Самогон,1,6165,,,
936,сколько самогона получиться,2022-11-30 16:35:44.9578492,0,Самогон,1,6133,,,
937,самогон после разбавления,2022-11-30 16:35:44.9578492,0,Самогон,1,6118,,,
938,простой рецепт домашнего самогона,2022-11-30 16:35:44.9578492,0,Самогон,1,6115,,,
939,калькулятор самогона онлайн,2022-11-30 16:35:44.9588472,0,Самогон,1,6088,,,
940,самогон в домашних условиях простой рецепт,2022-11-30 16:35:44.9588472,0,Самогон,1,6030,,,
941,самогон 40 градусов,2022-11-30 16:35:44.9588472,0,Самогон,1,6023,,,
942,смягчение самогона,2022-11-30 16:35:44.9588472,0,Самогон,1,6000,,,
943,настоять самогон рецепты,2022-11-30 16:35:44.9588472,0,Самогон,1,5965,,,
944,вкусный самогон,2022-11-30 16:35:44.9588472,0,Самогон,1,5930,,,
945,выход самогона,2022-11-30 16:35:44.9588472,0,Самогон,1,5915,,,
946,самогон 10,2022-11-30 16:35:44.9588472,0,Самогон,1,5902,,,
947,как делать самогон,2022-11-30 16:35:44.9588472,0,Самогон,1,5900,,,
948,самогонов интернет,2022-11-30 16:35:44.9598446,0,Самогон,1,5879,,,
2,калькулятор самогонщика расчет,2020-10-30 16:33:04.9745799,0,Все,3,5870,240,235,1.12
949,спиртовые дрожжи для самогона,2022-11-30 16:35:44.9598446,0,Самогон,1,5869,,,
950,настой самогона в домашних,2022-11-30 16:35:44.9598446,0,Самогон,1,5866,,,
129,калькулятор самогонщика разбавление самогона,2020-10-30 16:33:04.9745799,0,калькулятор разбавления самогона водой,5,5834,648,648,1.33
951,кедровая настойка на самогоне,2022-11-30 16:35:44.9598446,0,Самогон,1,5759,,,
952,масла в самогоне,2022-11-30 16:35:44.9598446,0,Самогон,1,5752,,,
953,польза самогона,2022-11-30 16:35:44.9598446,0,Самогон,1,5750,,,
954,самогон на грецких перегородках,2022-11-30 16:35:44.9598446,0,Самогон,1,5716,,,
955,разведение самогона,2022-11-30 16:35:44.9598446,0,Самогон,1,5664,,,
956,как разбавить самогон водой,2022-11-30 16:35:44.9598446,0,Самогон,1,5658,,,
236,калькулятор разбавления спирта,2020-10-30 16:39:24.8339337,0,калькулятор разбавления самогона водой,5,5654,1261,1162,1.62
957,кокосовый уголь для самогона,2022-11-30 16:35:44.9598446,0,Самогон,1,5651,,,
130,калькулятор самогонщика разбавление водой,2020-10-30 16:33:04.9745799,0,калькулятор разбавления самогона водой,5,5641,29,27,1.01
958,самогон на рябине,2022-11-30 16:35:44.9598446,0,Самогон,1,5631,,,
959,турбо дрожжи для самогона,2022-11-30 16:35:44.9598446,0,Самогон,1,5605,,,
960,самогон налей,2022-11-30 16:35:44.9598446,0,Самогон,1,5584,,,
961,самогон налью,2022-11-30 16:35:44.9598446,0,Самогон,1,5584,,,
962,самогон на черносливе,2022-11-30 16:35:44.9598446,0,Самогон,1,5561,,,
963,хреновуха на самогоне,2022-11-30 16:35:44.9598446,0,Самогон,1,5561,,,
964,сивушные масла в самогоне,2022-11-30 16:35:44.9598446,0,Самогон,1,5509,,,
965,самогон после разбавления водой,2022-11-30 16:35:44.9608417,0,Самогон,1,5508,,,
966,самогон из яблок,2022-11-30 16:35:44.9608417,0,Самогон,1,5493,,,
967,декстроза для самогона,2022-11-30 16:35:44.9608417,0,Самогон,1,5472,,,
968,как очистить самогон в домашних условиях,2022-11-30 16:35:44.9608417,0,Самогон,1,5459,,,
969,самогон на перегородках орехов,2022-11-30 16:35:44.9608417,0,Самогон,1,5450,,,
970,день самогона,2022-11-30 16:35:44.9608417,0,Самогон,1,5379,,,
971,фильтр для самогона,2022-11-30 16:35:44.9608417,0,Самогон,1,5305,,,
972,самогон из дрожжей в домашних условиях,2022-11-30 16:35:44.9608417,0,Самогон,1,5273,,,
973,кедровый самогон рецепт,2022-11-30 16:35:44.9608417,0,Самогон,1,5248,,,
974,настойка самогона на орехах,2022-11-30 16:35:44.9608417,0,Самогон,1,5212,,,
975,настой самогона в домашних условиях,2022-11-30 16:35:44.9608417,0,Самогон,1,5206,,,
976,самогон на лимоне,2022-11-30 16:35:44.9608417,0,Самогон,1,5204,,,
131,калькулятор самогонщика разбавление самогона водой,2020-10-30 16:33:04.9745799,0,калькулятор разбавления самогона водой,5,5166,2712,2712,2.57
977,настойки домашние рецепты приготовления на самогоне,2022-11-30 16:35:44.9608417,0,Самогон,1,5082,,,
978,самогонный аппарат самогон,2022-11-30 16:35:44.9608417,0,Самогон,1,5079,,,
979,самогон стоит,2022-11-30 16:35:44.9608417,0,Самогон,1,5075,,,
980,очистка домашнего самогона,2022-11-30 16:35:44.9608417,0,Самогон,1,5030,,,
122,калькулятор самогонщика онлайн расчет,2020-10-30 16:33:04.9745799,0,Главная,4,5000,2856,2856,2.71
981,яблочный самогон,2022-11-30 16:35:44.9608417,0,Самогон,1,4979,,,
982,самогон под,2022-11-30 16:35:44.9608417,0,Самогон,1,4949,,,
983,очистить самогон от сивушных,2022-11-30 16:36:42.0163099,0,Самогон,1,4908,,,
984,самогон вари,2022-11-30 16:36:42.0163099,0,Самогон,1,4907,,,
985,пропорции браги для самогона,2022-11-30 16:36:42.0163099,0,Самогон,1,4905,,,
986,сухой самогон,2022-11-30 16:36:42.0163099,0,Самогон,1,4900,,,
987,самогон после первой перегонки,2022-11-30 16:36:42.0163099,0,Самогон,1,4895,,,
988,вода сахар самогон,2022-11-30 16:36:42.0163099,0,Самогон,1,4856,,,
989,самогон на перегородках грецкого ореха,2022-11-30 16:36:42.0163099,0,Самогон,1,4851,,,
990,самогон на рецепт на 3 литровую,2022-11-30 16:36:42.0173073,0,Самогон,1,4850,,,
991,сколько дрожжей для самогона,2022-11-30 16:36:42.0173073,0,Самогон,1,4806,,,
992,самогон скачать,2022-11-30 16:36:42.0173073,0,Самогон,1,4794,,,
993,лучшие настойки на самогоне,2022-11-30 16:36:42.0173073,0,Самогон,1,4773,,,
994,виски из самогона,2022-11-30 16:36:42.0173073,0,Самогон,1,4684,,,
995,самогон кг,2022-11-30 16:36:42.0173073,0,Самогон,1,4679,,,
996,формула самогона,2022-11-30 16:36:42.0173073,0,Самогон,1,4677,,,
997,сколько добавить в самогон,2022-11-30 16:36:42.0173073,0,Самогон,1,4677,,,
998,что добавить в самогон,2022-11-30 16:36:42.0173073,0,Самогон,1,4675,,,
999,самогон цена,2022-11-30 16:36:42.0173073,0,Самогон,1,4664,,,
1000,виноградный самогон,2022-11-30 16:36:42.0173073,0,Самогон,1,4636,,,
1001,самогон фото,2022-11-30 16:36:42.0173073,0,Самогон,1,4623,,,
1002,домашний самогон брага,2022-11-30 16:36:42.0173073,0,Самогон,1,4617,,,
1003,самогон своими руками,2022-11-30 16:36:42.0173073,0,Самогон,1,4591,,,
1004,где самогон,2022-11-30 16:36:42.0173073,0,Самогон,1,4515,,,
1005,вред самогона,2022-11-30 16:36:42.0173073,0,Самогон,1,4513,,,
1006,щепа для самогона,2022-11-30 16:36:42.0183036,0,Самогон,1,4507,,,
1007,очистка самогона в домашних условиях,2022-11-30 16:36:42.0183036,0,Самогон,1,4498,,,
1008,как перегнать самогон,2022-11-30 16:36:42.0183036,0,Самогон,1,4470,,,
1009,как очистить самогон углем,2022-11-30 16:36:42.0183036,0,Самогон,1,4457,,,
1010,калькулятор перегонки самогона,2022-11-30 16:36:42.0183036,0,Самогон,1,4421,,,
1011,классический самогон,2022-11-30 16:36:42.0183036,0,Самогон,1,4386,,,
1012,самогон 10 литров,2022-11-30 16:36:42.0183036,0,Самогон,1,4356,,,
1013,самогон с сухопарником,2022-11-30 16:36:42.0183036,0,Самогон,1,4320,,,
1014,самогон 30,2022-11-30 16:36:42.0183036,0,Самогон,1,4283,,,
1015,сколько настаивать самогон,2022-11-30 16:36:42.0183036,0,Самогон,1,4281,,,
1016,самогон 5,2022-11-30 16:36:42.0183036,0,Самогон,1,4194,,,
1017,как поставить брагу на самогон,2022-11-30 16:36:42.0183036,0,Самогон,1,4182,,,
1018,самогон без запаха,2022-11-30 16:36:42.0183036,0,Самогон,1,4166,,,
1019,как приготовить самогон в домашних,2022-11-30 16:36:42.0183036,0,Самогон,1,4140,,,
1020,бутылки для самогона,2022-11-30 16:36:42.0183036,0,Самогон,1,4133,,,
1021,самогон на скорлупе,2022-11-30 16:36:42.0183036,0,Самогон,1,4102,,,
1022,как очистить самогон от запаха,2022-11-30 16:36:42.0183036,0,Самогон,1,4096,,,
1023,хороший домашний коньяк из самогона,2022-11-30 16:36:42.0193012,0,Самогон,1,4084,,,
1024,очистка самогона купить,2022-11-30 16:36:42.0193012,0,Самогон,1,4080,,,
1025,настойка самогона на грецких,2022-11-30 16:36:42.0193012,0,Самогон,1,4068,,,
175,разбавить самогон калькулятор,2020-10-30 16:36:51.8084615,0,калькулятор разбавления самогона водой,5,4065,475,468,1.35
1026,домашняя перегонка самогона,2022-11-30 16:36:42.0193012,0,Самогон,1,4061,,,
1027,классический рецепт самогона,2022-11-30 16:36:42.0193012,0,Самогон,1,4013,,,
1028,сколько стоит самогон,2022-11-30 16:36:42.0193012,0,Самогон,1,4006,,,
1029,купить бочку для самогона,2022-11-30 16:36:42.0193012,0,Самогон,1,3988,,,
1030,самогон рецепты на 3 литровую банку,2022-11-30 16:36:42.0193012,0,Самогон,1,3984,,,
1031,разбавить самогон калькулятор,2022-11-30 16:36:42.0193012,0,Самогон,1,3962,,,
1032,сколько литров самогона получится,2022-11-30 16:36:42.0193012,0,Самогон,1,3956,,,
1033,очистить самогон от запаха в домашних условиях,2022-11-30 16:37:49.9048219,0,Самогон,1,3953,,,
1034,градус перегонки самогона,2022-11-30 16:37:49.9058179,0,Самогон,1,3946,,,
1035,висельник на самогоне,2022-11-30 16:37:49.9058179,0,Самогон,1,3935,,,
1036,приятны самогон,2022-11-30 16:37:49.9058179,0,Самогон,1,3933,,,
237,калькулятор разбавления спирта водой,2020-10-30 16:39:24.8339337,0,калькулятор разбавления самогона водой,5,3929,2078,1551,2.18
1037,правильный самогон в домашних условиях,2022-11-30 16:37:49.9058179,0,Самогон,1,3910,,,
1038,как приготовить самогон в домашних условиях,2022-11-30 16:37:49.9058179,0,Самогон,1,3902,,,
1039,сайт самогон,2022-11-30 16:37:49.9068152,0,Самогон,1,3873,,,
1040,самогон перегонка как правильно,2022-11-30 16:37:49.9068152,0,Самогон,1,3871,,,
1041,настаивание самогона,2022-11-30 16:37:49.9068152,0,Самогон,1,3852,,,
1042,настойки на самогоне лучшие рецепты,2022-11-30 16:37:49.9068152,0,Самогон,1,3838,,,
1043,самогон на калине,2022-11-30 16:37:49.9068152,0,Самогон,1,3835,,,
1044,как сделать самогон рецепт,2022-11-30 16:37:49.9068152,0,Самогон,1,3826,,,
1045,самогон саныч,2022-11-30 16:37:49.9078137,0,Самогон,1,3804,,,
1046,разведение самогона водой,2022-11-30 16:37:49.9078137,0,Самогон,1,3799,,,
1047,самогон без дрожжей рецепт,2022-11-30 16:37:49.9078137,0,Самогон,1,3798,,,
1048,самогон из меда,2022-11-30 16:37:49.9078137,0,Самогон,1,3797,,,
1049,самогон черноплодной,2022-11-30 16:37:49.9078137,0,Самогон,1,3795,,,
1050,как развести самогон,2022-11-30 16:37:49.9088119,0,Самогон,1,3795,,,
1051,дом самогона,2022-11-30 16:37:49.9088119,0,Самогон,1,3786,,,
1052,онлайн разбавления самогона,2022-11-30 16:37:49.9098106,0,Самогон,1,3781,,,
1053,калькулятор второй перегонки самогона,2022-11-30 16:37:49.910826,0,Самогон,1,3776,,,
1054,самогон на вишне,2022-11-30 16:37:49.910826,0,Самогон,1,3759,,,
1055,дистиллятор для самогона,2022-11-30 16:37:49.9118022,0,Самогон,1,3733,,,
1056,дрожжи для самогона какие,2022-11-30 16:37:49.9118022,0,Самогон,1,3726,,,
1057,настойка на грецких орехах на самогоне,2022-11-30 16:37:49.9118022,0,Самогон,1,3725,,,
1058,коньяк из самогона лучший рецепт,2022-11-30 16:37:49.9128019,0,Самогон,1,3722,,,
1059,калькулятор самогонщика разбавление самогона водой после,2022-11-30 16:37:49.9128019,0,Самогон,1,3716,,,
1060,рецепт браги для самогона из сахара,2022-11-30 16:37:49.9128019,0,Самогон,1,3716,,,
1061,лучшие дрожжи для самогона,2022-11-30 16:37:49.9128019,0,Самогон,1,3714,,,
1062,очищаем самогон от запаха и масел,2022-11-30 16:37:49.9137972,0,Самогон,1,3706,,,
1063,онлайн калькулятор разбавления самогона,2022-11-30 16:37:49.9137972,0,Самогон,1,3694,,,
1064,домашний самогон из сахара,2022-11-30 16:37:49.9137972,0,Самогон,1,3694,,,
1065,очистить самогон от сивушных масел и запаха,2022-11-30 16:37:49.9137972,0,Самогон,1,3688,,,
1066,домашний коньяк из самогона лучший рецепт,2022-11-30 16:37:49.9187823,0,Самогон,1,3669,,,
1067,перегонка самогона в домашних условиях,2022-11-30 16:37:49.9197803,0,Самогон,1,3664,,,
1068,настойка на рябине на самогоне,2022-11-30 16:37:49.920781,0,Самогон,1,3661,,,
1069,красный самогон,2022-11-30 16:37:49.920781,0,Самогон,1,3647,,,
1070,лучшие рецепты самогона настойки в домашних условиях,2022-11-30 16:37:49.9217879,0,Самогон,1,3622,,,
1071,очистить самогон от сивушных масел в домашних,2022-11-30 16:37:49.9217879,0,Самогон,1,3611,,,
1072,разбавление самогона водой после второй,2022-11-30 16:37:49.9217879,0,Самогон,1,3604,,,
1073,настойка на самогоне самая,2022-11-30 16:37:49.9217879,0,Самогон,1,3603,,,
1074,рецепт самогона из сахара и дрожжей браги,2022-11-30 16:37:49.9217879,0,Самогон,1,3597,,,
1075,самогон без сахара,2022-11-30 16:37:49.9217879,0,Самогон,1,3563,,,
1076,мутный самогон,2022-11-30 16:37:49.9217879,0,Самогон,1,3537,,,
1077,самый лучший самогон,2022-11-30 16:37:49.9227715,0,Самогон,1,3527,,,
1078,самогон на гранате,2022-11-30 16:37:49.9227715,0,Самогон,1,3514,,,
1079,зерновой самогон,2022-11-30 16:37:49.9227715,0,Самогон,1,3513,,,
1080,таблица разбавления самогона,2022-11-30 16:37:49.9227715,0,Самогон,1,3501,,,
1081,запах масла в самогоне,2022-11-30 16:37:49.9227715,0,Самогон,1,3494,,,
64,калькулятор самогона онлайн,2020-10-30 16:36:51.8084615,0,Все,3,3486,96,82,1.07
1082,рецепт самогона на орехах,2022-11-30 16:37:49.9227715,0,Самогон,1,3482,,,
1083,самогон из винограда в домашних,2022-11-30 16:38:15.1107694,0,Самогон,1,3479,,,
1084,самогонов официальный,2022-11-30 16:38:15.1137598,0,Самогон,1,3476,,,
1085,самогон без браги,2022-11-30 16:38:15.1137598,0,Самогон,1,3465,,,
1086,как сделать коньяк из самогона,2022-11-30 16:38:15.1137598,0,Самогон,1,3444,,,
1087,самогон сахар дрожжи вода,2022-11-30 16:38:15.1137598,0,Самогон,1,3442,,,
1088,самогон уголь купить,2022-11-30 16:38:15.1137598,0,Самогон,1,3440,,,
1089,самогон на дубовой щепе,2022-11-30 16:38:15.1137598,0,Самогон,1,3426,,,
1090,самогон на орешках рецепт,2022-11-30 16:38:15.1147549,0,Самогон,1,3421,,,
1091,дубовая бочка для самогона купить,2022-11-30 16:38:15.1147549,0,Самогон,1,3418,,,
1092,самогона из сахара в домашних условиях,2022-11-30 16:38:15.1147549,0,Самогон,1,3412,,,
1093,дрожжи для самогона пропорции,2022-11-30 16:38:15.1147549,0,Самогон,1,3394,,,
1094,рецепт браги для самогона на дрожжах,2022-11-30 16:38:15.1147549,0,Самогон,1,3394,,,
1095,настойка на клюкве на самогоне,2022-11-30 16:38:15.1147549,0,Самогон,1,3386,,,
1096,самогон на кедровых орешках рецепт,2022-11-30 16:38:15.115752,0,Самогон,1,3383,,,
1097,хреновуха на самогоне рецепт,2022-11-30 16:38:15.115752,0,Самогон,1,3373,,,
1098,гоним самогон правильно,2022-11-30 16:38:15.115752,0,Самогон,1,3366,,,
1099,настойка самогона на перегородках,2022-11-30 16:38:15.115752,0,Самогон,1,3365,,,
1100,быстрый самогон,2022-11-30 16:38:15.115752,0,Самогон,1,3364,,,
1101,прополис на самогоне,2022-11-30 16:38:15.115752,0,Самогон,1,3360,,,
1102,дефлегматор самогон,2022-11-30 16:38:15.115752,0,Самогон,1,3352,,,
1103,перегонка голов самогона,2022-11-30 16:38:15.11675,0,Самогон,1,3352,,,
1104,самогон польза и вред,2022-11-30 16:38:15.11675,0,Самогон,1,3325,,,
1105,рецепт на 3 литра самогона,2022-11-30 16:38:15.11675,0,Самогон,1,3295,,,
1106,самогон применение,2022-11-30 16:38:15.11675,0,Самогон,1,3295,,,
1107,самогон самосад,2022-11-30 16:38:15.11675,0,Самогон,1,3281,,,
1108,самогон из 20 литров браги,2022-11-30 16:38:15.11675,0,Самогон,1,3280,,,
1109,лучшие настойки на самогоне в домашних,2022-11-30 16:38:15.11675,0,Самогон,1,3271,,,
1110,самогон из винограда условиях,2022-11-30 16:38:15.1177478,0,Самогон,1,3242,,,
1111,русский самогон,2022-11-30 16:38:15.1177478,0,Самогон,1,3237,,,
1112,самогон из винограда в домашних условиях,2022-11-30 16:38:15.1177478,0,Самогон,1,3237,,,
1113,температура перегонки самогона,2022-11-30 16:38:15.1177478,0,Самогон,1,3233,,,
1114,лучшие настойки на самогоне в домашних условиях,2022-11-30 16:38:15.1177478,0,Самогон,1,3225,,,
1115,отбор самогона,2022-11-30 16:38:15.1177478,0,Самогон,1,3208,,,
1116,как правильно гнать самогон,2022-11-30 16:38:15.1187442,0,Самогон,1,3204,,,
1117,сколько самогона можно,2022-11-30 16:38:15.1187442,0,Самогон,1,3202,,,
1118,как сделать самогон в домашних рецепты,2022-11-30 16:38:15.1187442,0,Самогон,1,3201,,,
1119,коньяк в домашних условиях из самогона лучшие,2022-11-30 16:38:15.1187442,0,Самогон,1,3190,,,
1120,купить уголь для очистки самогона,2022-11-30 16:38:15.1187442,0,Самогон,1,3188,,,
1121,самогон на кодзи,2022-11-30 16:38:15.1187442,0,Самогон,1,3186,,,
1122,лимончелло домашняя на самогоне,2022-11-30 16:38:15.1187442,0,Самогон,1,3185,,,
1123,самогон на фейхоа,2022-11-30 16:38:15.1197415,0,Самогон,1,3163,,,
1124,разбавление самогона после второй перегонки,2022-11-30 16:38:15.1197415,0,Самогон,1,3158,,,
1125,настойка самогона на орешках,2022-11-30 16:38:15.1197415,0,Самогон,1,3154,,,
1126,самогон на ореховых,2022-11-30 16:38:15.1197415,0,Самогон,1,3147,,,
1127,настойка на кедровых орешках на самогоне,2022-11-30 16:38:15.1197415,0,Самогон,1,3123,,,
1128,как выгнать самогон,2022-11-30 16:38:15.1197415,0,Самогон,1,3121,,,
1129,разбавление самогона водой после второй перегонки,2022-11-30 16:38:15.1197415,0,Самогон,1,3119,,,
1130,лимончелло рецепт на самогоне,2022-11-30 16:38:15.1197415,0,Самогон,1,3094,,,
1131,самогон вода калькулятор вторая перегонка,2022-11-30 16:38:15.1207485,0,Самогон,1,3094,,,
1132,колонна для самогона,2022-11-30 16:38:15.1207485,0,Самогон,1,3089,,,
1133,как очистить самогон от масел,2022-11-30 16:38:38.862209,0,Самогон,1,3082,,,
1134,настойка на грецких перегородках на самогоне,2022-11-30 16:38:38.862209,0,Самогон,1,3079,,,
1135,самогон скручу,2022-11-30 16:38:38.8632069,0,Самогон,1,3073,,,
1136,домашний виски из самогона,2022-11-30 16:38:38.8632069,0,Самогон,1,3049,,,
1137,самогон сахар дрожжи в домашних условиях,2022-11-30 16:38:38.8632069,0,Самогон,1,3044,,,
1138,как очистить самогон от сивушных масел,2022-11-30 16:38:38.8632069,0,Самогон,1,3041,,,
1139,домашние настойки на самогоне лучшие рецепты,2022-11-30 16:38:38.8632069,0,Самогон,1,3023,,,
1140,пропорции домашнего самогона,2022-11-30 16:38:38.8632069,0,Самогон,1,3015,,,
1141,самогон на угле,2022-11-30 16:38:38.8632069,0,Самогон,1,3009,,,
1142,таблица разведения самогона,2022-11-30 16:38:38.8632069,0,Самогон,1,3008,,,
1143,очистка самогона перегонкой,2022-11-30 16:38:38.8632069,0,Самогон,1,3006,,,
672,калькулятор спирта онлайн,2020-10-30 16:39:24.8339337,0,калькулятор разбавления самогона водой,5,3002,196,175,1.17
383,калькулятор самогонщика перегонка,2020-10-30 16:33:04.9745799,0,Калькулятор дробной перегонки спирта-сырца: (вторая перегонка),11,2976,0,0,1.0
176,разбавить самогон водой калькулятор,2020-10-30 16:36:51.8094591,0,калькулятор разбавления самогона водой,5,2973,444,419,1.42
1144,самогон на кедровых орехах,2022-11-30 16:38:38.8632069,0,Самогон,1,2970,,,
1145,самогон в домашних условиях самому,2022-11-30 16:38:38.8632069,0,Самогон,1,2958,,,
1146,самогон из вина,2022-11-30 16:38:38.8632069,0,Самогон,1,2958,,,
1147,разбавление самогона водой онлайн,2022-11-30 16:38:38.8632069,0,Самогон,1,2958,,,
1148,очистка самогона активированным,2022-11-30 16:38:38.8632069,0,Самогон,1,2953,,,
1149,самогон налью самосад,2022-11-30 16:38:38.8642058,0,Самогон,1,2949,,,
1150,самогон на коре,2022-11-30 16:38:38.8642058,0,Самогон,1,2943,,,
1151,очистка самогона активированным углем,2022-11-30 16:38:38.8642058,0,Самогон,1,2934,,,
1152,очистка самогона активируемым углем,2022-11-30 16:38:38.8642058,0,Самогон,1,2934,,,
1153,самосад скручу самогон,2022-11-30 16:38:38.8642058,0,Самогон,1,2932,,,
1154,бражка для самогона,2022-11-30 16:38:38.8642058,0,Самогон,1,2931,,,
1155,калькулятор самогонщика разбавление самогона водой после второй,2022-11-30 16:38:38.8642058,0,Самогон,1,2923,,,
1156,как поставить самогон на дрожжах,2022-11-30 16:38:38.8642058,0,Самогон,1,2905,,,
1157,калькулятор разбавления самогона водой онлайн,2022-11-30 16:38:38.8642058,0,Самогон,1,2896,,,
1158,этикетка на бутылку самогона,2022-11-30 16:38:38.8642058,0,Самогон,1,2894,,,
1159,2 перегонка самогона,2022-11-30 16:38:38.8642058,0,Самогон,1,2885,,,
1160,самогон черный,2022-11-30 16:38:38.8642058,0,Самогон,1,2882,,,
1161,вторая перегонка самогона калькулятор самогонщика,2022-11-30 16:38:38.8642058,0,Самогон,1,2862,,,
1162,пшеничный самогон,2022-11-30 16:38:38.8652037,0,Самогон,1,2846,,,
1163,хвосты в самогоне,2022-11-30 16:38:38.8652037,0,Самогон,1,2845,,,
1164,брага из винограда для самогона,2022-11-30 16:38:38.8652037,0,Самогон,1,2843,,,
1165,вторая перегонка самогона какая,2022-11-30 16:38:38.8652037,0,Самогон,1,2834,,,
1166,самогон в домашних условиях пропорции,2022-11-30 16:38:38.8652037,0,Самогон,1,2834,,,
1167,как убрать запах самогона,2022-11-30 16:38:38.8652037,0,Самогон,1,2820,,,
1168,эссенция для самогона,2022-11-30 16:38:38.8652037,0,Самогон,1,2816,,,
1169,самогон настоянный,2022-11-30 16:38:38.8661992,0,Самогон,1,2812,,,
1170,настойка самогона на перегородках ореха,2022-11-30 16:38:38.8661992,0,Самогон,1,2794,,,
1171,лимонный самогон,2022-11-30 16:38:38.8661992,0,Самогон,1,2782,,,
1172,настойка на перегородках грецкого ореха на самогоне,2022-11-30 16:38:38.8661992,0,Самогон,1,2781,,,
1173,изготовление самогона,2022-11-30 16:38:38.8661992,0,Самогон,1,2777,,,
1174,вода для браги на самогон,2022-11-30 16:38:38.8661992,0,Самогон,1,2773,,,
1175,дрожжи для самогона какие лучше,2022-11-30 16:38:38.8661992,0,Самогон,1,2772,,,
1176,самогон поставить на сахаре,2022-11-30 16:38:38.867203,0,Самогон,1,2770,,,
1177,головы самогона сколько,2022-11-30 16:38:38.867203,0,Самогон,1,2768,,,
1178,рецепт дубового самогона,2022-11-30 16:38:38.867203,0,Самогон,1,2763,,,
1179,самогон сахар и дрожжи рецепт на литр,2022-11-30 16:38:38.867203,0,Самогон,1,2762,,,
1180,самогон инструкция,2022-11-30 16:38:38.8681921,0,Самогон,1,2758,,,
1181,налью самогон скручу,2022-11-30 16:38:38.8681921,0,Самогон,1,2752,,,
1182,продам самогон,2022-11-30 16:38:38.8681921,0,Самогон,1,2743,,,
1183,самогон на смородине,2022-11-30 16:39:01.2544812,0,Самогон,1,2729,,,
1184,как разбавить самогон до 40,2022-11-30 16:39:01.2554798,0,Самогон,1,2728,,,
1185,брага из варенья для самогона,2022-11-30 16:39:01.2564766,0,Самогон,1,2724,,,
404,перегонка самогона калькулятор,2020-10-30 16:36:51.8094591,0,Калькулятор дробной перегонки спирта-сырца: (вторая перегонка),11,2723,1,0,1.0
1186,песня самогон налью,2022-11-30 16:39:01.2564766,0,Самогон,1,2711,,,
1187,песня самогон налей,2022-11-30 16:39:01.2564766,0,Самогон,1,2711,,,
1188,цвет самогона,2022-11-30 16:39:01.2564766,0,Самогон,1,2710,,,
1189,самогон на 40 литров,2022-11-30 16:39:01.2564766,0,Самогон,1,2687,,,
1190,виски из самогона в домашних условиях,2022-11-30 16:39:01.2574754,0,Самогон,1,2684,,,
1191,10 литров браги самогон,2022-11-30 16:39:01.2574754,0,Самогон,1,2680,,,
1192,домашний самогон из сахара и дрожжей,2022-11-30 16:39:01.2574754,0,Самогон,1,2674,,,
1193,рецепт самогона из винограда,2022-11-30 16:39:01.2574754,0,Самогон,1,2670,,,
1194,самогон прикольные,2022-11-30 16:39:01.2584733,0,Самогон,1,2666,,,
1195,продажа самогона,2022-11-30 16:39:01.2584733,0,Самогон,1,2661,,,
1196,гоним самогон в домашних,2022-11-30 16:39:01.2584733,0,Самогон,1,2658,,,
1197,самосад скручу самогон налью,2022-11-30 16:39:01.2584733,0,Самогон,1,2654,,,
1198,самогон и водка интернет,2022-11-30 16:39:01.2584733,0,Самогон,1,2644,,,
1199,самогон без дрожжей в домашних,2022-11-30 16:39:01.2594682,0,Самогон,1,2634,,,
1200,рецепт самогона пропорции,2022-11-30 16:39:01.2594682,0,Самогон,1,2627,,,
1201,перегородки самогона рецепт,2022-11-30 16:39:01.2594682,0,Самогон,1,2621,,,
1202,таблица разбавления самогона водой,2022-11-30 16:39:01.2594682,0,Самогон,1,2620,,,
1203,набор для самогона,2022-11-30 16:39:01.2594682,0,Самогон,1,2613,,,
1204,самый лучший самогон в домашних условиях,2022-11-30 16:39:01.2594682,0,Самогон,1,2609,,,
1205,сколько сахара на брагу для самогона,2022-11-30 16:39:01.2594682,0,Самогон,1,2605,,,
1206,домашний самогон без запаха,2022-11-30 16:39:01.2604666,0,Самогон,1,2605,,,
1207,калькулятор разбавления самогона водой после второй перегонки,2022-11-30 16:39:01.2604666,0,Самогон,1,2600,,,
1208,самогон на грецких орехах рецепт,2022-11-30 16:39:01.2604666,0,Самогон,1,2599,,,
1209,сколько из браги получается самогона,2022-11-30 16:39:01.2604666,0,Самогон,1,2598,,,
1210,самогон на 30 литров,2022-11-30 16:39:01.2644571,0,Самогон,1,2598,,,
1211,как сделать брагу для самогона,2022-11-30 16:39:01.2644571,0,Самогон,1,2595,,,
1212,перцовка на самогоне,2022-11-30 16:39:01.2644571,0,Самогон,1,2593,,,
1213,дубова щепа для самогона,2022-11-30 16:39:01.2644571,0,Самогон,1,2583,,,
1214,сухие дрожжи для самогона,2022-11-30 16:39:01.2644571,0,Самогон,1,2580,,,
1215,спиртовые дрожжи для самогона купить,2022-11-30 16:39:01.2654539,0,Самогон,1,2574,,,
1216,самые лучшие настойки на самогоне,2022-11-30 16:39:01.2654539,0,Самогон,1,2573,,,
1217,как очистить самогон маслом в домашних,2022-11-30 16:39:01.2744304,0,Самогон,1,2565,,,
1218,очистка самогона после перегонки,2022-11-30 16:39:01.2754266,0,Самогон,1,2563,,,
1219,сколько сахара на литр самогона,2022-11-30 16:39:01.2754266,0,Самогон,1,2555,,,
1220,самогон из сахара пропорции,2022-11-30 16:39:01.2754266,0,Самогон,1,2551,,,
1221,сколько выходит самогон,2022-11-30 16:39:01.2754266,0,Самогон,1,2544,,,
1222,самогон и водка магазин,2022-11-30 16:39:01.2754266,0,Самогон,1,2542,,,
1223,разбавить самогон водой калькулятор,2022-11-30 16:39:01.2754266,0,Самогон,1,2535,,,
1224,самогон нужен сахар,2022-11-30 16:39:01.2754266,0,Самогон,1,2535,,,
1225,как правильно разбавить самогон,2022-11-30 16:39:01.2754266,0,Самогон,1,2535,,,
1226,употребление самогона,2022-11-30 16:39:01.2754266,0,Самогон,1,2532,,,
1227,джин из самогона,2022-11-30 16:39:01.2764236,0,Самогон,1,2532,,,
1228,таблица градусов самогона,2022-11-30 16:39:01.2764236,0,Самогон,1,2530,,,
1229,дон самогон,2022-11-30 16:39:01.2764236,0,Самогон,1,2526,,,
1230,самогон из пшеницы в домашних,2022-11-30 16:39:01.2764236,0,Самогон,1,2517,,,
1231,вторая перегонка самогона как правильно,2022-11-30 16:39:01.2764236,0,Самогон,1,2511,,,
1232,самогон на черносливе рецепт,2022-11-30 16:39:01.2764236,0,Самогон,1,2510,,,
1233,разбавление самогона после второй перегонки калькулятор самогонщика,2022-11-30 16:39:23.4766097,0,Самогон,1,2506,,,
1234,самогон без дрожжей в домашних условиях,2022-11-30 16:39:23.4775978,0,Самогон,1,2500,,,
1235,двойная перегонка самогона,2022-11-30 16:39:23.4775978,0,Самогон,1,2497,,,
1236,самогон бесплатно,2022-11-30 16:39:23.4775978,0,Самогон,1,2496,,,
1237,сахарная брага для самогона,2022-11-30 16:39:23.4775978,0,Самогон,1,2493,,,
1238,наливки на самогоне,2022-11-30 16:39:23.4775978,0,Самогон,1,2489,,,
1239,как называется самогон,2022-11-30 16:39:23.4775978,0,Самогон,1,2474,,,
1240,самогон на боярышнике,2022-11-30 16:39:23.4775978,0,Самогон,1,2466,,,
1241,польза настоек на самогоне,2022-11-30 16:39:23.4775978,0,Самогон,1,2465,,,
1242,самогон без запаха в домашних условиях,2022-11-30 16:39:23.4775978,0,Самогон,1,2449,,,
384,калькулятор самогонщика вторая перегонка,2020-10-30 16:33:04.9745799,0,Калькулятор дробной перегонки спирта-сырца: (вторая перегонка),11,2447,31,24,1.03
1243,самогон из браги в домашних условиях,2022-11-30 16:39:23.4775978,0,Самогон,1,2441,,,
1244,самогон первого перегона,2022-11-30 16:39:23.4775978,0,Самогон,1,2441,,,
1245,первый перегон самогона,2022-11-30 16:39:23.4775978,0,Самогон,1,2441,,,
1246,самогон пошаговый рецепт,2022-11-30 16:39:23.4775978,0,Самогон,1,2438,,,
1247,гонит самогон температура,2022-11-30 16:39:23.4785942,0,Самогон,1,2426,,,
1248,температура гоним самогон,2022-11-30 16:39:23.4785942,0,Самогон,1,2426,,,
1249,гоним самогон в домашних условиях,2022-11-30 16:39:23.4785942,0,Самогон,1,2420,,,
1250,настой самогона на кедровых,2022-11-30 16:39:23.4785942,0,Самогон,1,2413,,,
1251,готовый самогон,2022-11-30 16:39:23.4785942,0,Самогон,1,2412,,,
1252,декстрозы на литр самогона,2022-11-30 16:39:23.4785942,0,Самогон,1,2408,,,
1253,самогон купить в москве,2022-11-30 16:39:23.4785942,0,Самогон,1,2403,,,
1254,фото рецепт самогон,2022-11-30 16:39:23.4785942,0,Самогон,1,2395,,,
1255,сколько градусов в самогоне,2022-11-30 16:39:23.4785942,0,Самогон,1,2388,,,
1256,лимончелло в домашних условиях на самогоне,2022-11-30 16:39:23.4785942,0,Самогон,1,2386,,,
1257,чем настоять самогон в домашних,2022-11-30 16:39:23.4785942,0,Самогон,1,2385,,,
1258,сколько угля для самогона,2022-11-30 16:39:23.4785942,0,Самогон,1,2382,,,
1259,самогон из пшеницы в домашних условиях,2022-11-30 16:39:23.4785942,0,Самогон,1,2377,,,
1260,вода сахар дрожжи брага для самогона,2022-11-30 16:39:23.4785942,0,Самогон,1,2377,,,
1261,как правильно сделать самогон,2022-11-30 16:39:23.4785942,0,Самогон,1,2373,,,
1262,дуб для самогона,2022-11-30 16:39:23.4785942,0,Самогон,1,2351,,,
1263,попугай для самогона,2022-11-30 16:39:23.4795912,0,Самогон,1,2351,,,
1264,самый лучший рецепт настойки самогона,2022-11-30 16:39:23.4795912,0,Самогон,1,2347,,,
1265,самогон форум,2022-11-30 16:39:23.4795912,0,Самогон,1,2345,,,
1266,брага на пшенице для самогона,2022-11-30 16:39:23.4795912,0,Самогон,1,2341,,,
1267,самогон и водка интернет магазин,2022-11-30 16:39:23.4795912,0,Самогон,1,2321,,,
1268,активированный уголь в самогон,2022-11-30 16:39:23.4795912,0,Самогон,1,2306,,,
1269,черноплодная настойка на самогоне,2022-11-30 16:39:23.4795912,0,Самогон,1,2301,,,
1270,декстроза для смягчения самогона,2022-11-30 16:39:23.4805882,0,Самогон,1,2298,,,
1271,какой должен быть самогон,2022-11-30 16:39:23.4805882,0,Самогон,1,2297,,,
1272,как варить самогон,2022-11-30 16:39:23.4805882,0,Самогон,1,2296,,,
1273,самогон на пшенице без,2022-11-30 16:39:23.4815881,0,Самогон,1,2281,,,
1274,дубовый самогон в домашних условиях,2022-11-30 16:39:23.4815881,0,Самогон,1,2279,,,
1275,самогон на грецких перегородках рецепт,2022-11-30 16:39:23.4815881,0,Самогон,1,2276,,,
1276,рецепт домашнего коньяка на самогоне,2022-11-30 16:39:23.4815881,0,Самогон,1,2276,,,
1277,самогон на макадамии,2022-11-30 16:39:23.4815881,0,Самогон,1,2275,,,
1278,гоним самогон температура какая,2022-11-30 16:39:23.4825843,0,Самогон,1,2272,,,
1279,самогон кубы,2022-11-30 16:39:23.4825843,0,Самогон,1,2270,,,
405,калькулятор второй перегонки самогона,2020-10-30 16:36:51.8094591,0,Калькулятор дробной перегонки спирта-сырца: (вторая перегонка),11,2264,40,38,1.05
1280,рецепт виски из самогона,2022-11-30 16:39:23.4825843,0,Самогон,1,2255,,,
1281,клюква на самогоне рецепт,2022-11-30 16:39:23.4825843,0,Самогон,1,2254,,,
1282,лимончелло домашняя на самогоне рецепт,2022-11-30 16:39:23.4825843,0,Самогон,1,2254,,,
1283,фильтрация самогона,2022-11-30 16:39:50.1821536,0,Самогон,1,2248,,,
1284,сколько литров самогона получится из браги,2022-11-30 16:39:50.1831515,0,Самогон,1,2247,,,
1285,прополис настойка на самогоне,2022-11-30 16:39:50.1831515,0,Самогон,1,2247,,,
1286,как гнать самогон в домашних,2022-11-30 16:39:50.1831515,0,Самогон,1,2228,,,
1287,тело самогона,2022-11-30 16:39:50.1831515,0,Самогон,1,2228,,,
1288,вторая перегонка самогона градус,2022-11-30 16:39:50.1831515,0,Самогон,1,2222,,,
1289,ароматизатор для самогона,2022-11-30 16:39:50.1831515,0,Самогон,1,2216,,,
1290,угольная очистка самогона,2022-11-30 16:39:50.184151,0,Самогон,1,2216,,,
1291,лучшая брага для самогона,2022-11-30 16:39:50.1851476,0,Самогон,1,2211,,,
1292,сколько угля для очистки самогона,2022-11-30 16:39:50.1861447,0,Самогон,1,2209,,,
1293,брага для самогона сахар дрожжи пропорции,2022-11-30 16:39:50.1871427,0,Самогон,1,2191,,,
1294,самогон на хрене,2022-11-30 16:39:50.1871427,0,Самогон,1,2190,,,
1295,как ставить самогон,2022-11-30 16:39:50.188139,0,Самогон,1,2187,,,
1296,рецепт самогона из пшеницы,2022-11-30 16:39:50.188139,0,Самогон,1,2187,,,
1297,самогон 50,2022-11-30 16:39:50.188139,0,Самогон,1,2165,,,
1298,брага без дрожжей для самогона,2022-11-30 16:39:50.1891399,0,Самогон,1,2164,,,
1299,вишневый самогон,2022-11-30 16:39:50.1891399,0,Самогон,1,2151,,,
1300,настаивают ли самогон,2022-11-30 16:39:50.1891399,0,Самогон,1,2125,,,
1301,самогон пошагово,2022-11-30 16:39:50.1891399,0,Самогон,1,2122,,,
1302,таблица разведения самогона водой,2022-11-30 16:39:50.1901327,0,Самогон,1,2120,,,
1303,самогон калькулятор самогонщика онлайн,2022-11-30 16:39:50.1901327,0,Самогон,1,2119,,,
238,разбавить спирт калькулятор,2020-10-30 16:39:24.8349315,0,калькулятор разбавления самогона водой,5,2117,206,202,1.29
1304,самогон на шиповнике,2022-11-30 16:39:50.1901327,0,Самогон,1,2117,,,
1305,самогон спб,2022-11-30 16:39:50.1901327,0,Самогон,1,2115,,,
1306,этикетки для самогона,2022-11-30 16:39:50.1901327,0,Самогон,1,2105,,,
1307,настойка на черносливе на самогоне,2022-11-30 16:39:50.1911297,0,Самогон,1,2101,,,
1308,самогон на корне,2022-11-30 16:39:50.1911297,0,Самогон,1,2099,,,
1309,можно ли гнать самогон,2022-11-30 16:39:50.1911297,0,Самогон,1,2097,,,
1310,очистка угля после самогона,2022-11-30 16:39:50.1911297,0,Самогон,1,2088,,,
1311,вода для второй перегонки самогона,2022-11-30 16:39:50.1911297,0,Самогон,1,2087,,,
1312,расчет самогона,2022-11-30 16:39:50.192127,0,Самогон,1,2077,,,
1313,как разбавить самогон до 40 градусов,2022-11-30 16:39:50.192127,0,Самогон,1,2076,,,
1314,очистка самогона марганцовкой,2022-11-30 16:39:50.192127,0,Самогон,1,2075,,,
1315,кокосовый уголь для самогона купить,2022-11-30 16:39:50.192127,0,Самогон,1,2068,,,
1316,вкусные настойки на самогоне,2022-11-30 16:39:50.192127,0,Самогон,1,2065,,,
1317,самогон на ягодах,2022-11-30 16:39:50.1931243,0,Самогон,1,2056,,,
1318,рецепт самогона в домашних условиях пошаговый,2022-11-30 16:39:50.1931243,0,Самогон,1,2050,,,
1319,уголь на литр самогона,2022-11-30 16:39:50.1931243,0,Самогон,1,2048,,,
1320,рецепт настойки самогона на кедров,2022-11-30 16:39:50.1931243,0,Самогон,1,2047,,,
1321,кедровая настойка на самогоне рецепт,2022-11-30 16:39:50.1931243,0,Самогон,1,2041,,,
1322,как гнать самогон в домашних условиях,2022-11-30 16:39:50.194122,0,Самогон,1,2030,,,
1323,сколько воды на самогон,2022-11-30 16:39:50.194122,0,Самогон,1,2029,,,
1324,самогон на калгане,2022-11-30 16:39:50.194122,0,Самогон,1,2028,,,
1325,крепкий самогон,2022-11-30 16:39:50.194122,0,Самогон,1,2028,,,
1326,таблица градусов самогон водой,2022-11-30 16:39:50.1951184,0,Самогон,1,2013,,,
1327,на чем настоять самогон для приятного,2022-11-30 16:39:50.1951184,0,Самогон,1,2011,,,
1328,кокосовый уголь для очистки самогона купить,2022-11-30 16:39:50.1951184,0,Самогон,1,2009,,,
1329,настойка на вишне на самогоне,2022-11-30 16:39:50.1951184,0,Самогон,1,2009,,,
1330,как сделать домашний коньяк из самогона,2022-11-30 16:39:50.1951184,0,Самогон,1,2005,,,
1331,лаборатория самогона,2022-11-30 16:39:50.1951184,0,Самогон,1,2004,,,
1332,лимончелло из самогона,2022-11-30 16:39:50.1961166,0,Самогон,1,1985,,,
1333,как перегнать самогон второй,2022-11-30 16:40:13.6509688,0,Самогон,1,1979,,,
1334,калькулятор разведения самогона,2022-11-30 16:40:13.6509688,0,Самогон,1,1977,,,
1335,вторая перегонка самогона головы,2022-11-30 16:40:13.6509688,0,Самогон,1,1977,,,
1336,самогон начало,2022-11-30 16:40:13.6509688,0,Самогон,1,1975,,,
1337,как правильно перегнать самогон,2022-11-30 16:40:13.6509688,0,Самогон,1,1973,,,
1338,домашний самогон видео,2022-11-30 16:40:13.6509688,0,Самогон,1,1972,,,
1339,большой самогон,2022-11-30 16:40:13.6509688,0,Самогон,1,1971,,,
1340,очистка самогона углем в домашних,2022-11-30 16:40:13.6509688,0,Самогон,1,1966,,,
1341,самогон и водка сайт,2022-11-30 16:40:13.6519664,0,Самогон,1,1963,,,
1342,как сделать самогон без,2022-11-30 16:40:13.6519664,0,Самогон,1,1961,,,
1343,можно ли настоять самогон,2022-11-30 16:40:13.6519664,0,Самогон,1,1960,,,
177,онлайн калькулятор разбавления самогона,2020-10-30 16:36:51.8094591,0,калькулятор разбавления самогона водой,5,1955,163,158,1.24
1344,самогон на перегородках грецкого ореха рецепт,2022-11-30 16:40:13.6519664,0,Самогон,1,1951,,,
1345,рецепт домашнего виски из самогона,2022-11-30 16:40:13.6519664,0,Самогон,1,1951,,,
1346,самогон без сахара рецепты,2022-11-30 16:40:13.6519664,0,Самогон,1,1950,,,
1347,рецепт вкусного самогона,2022-11-30 16:40:13.6519664,0,Самогон,1,1949,,,
1348,способы самогона,2022-11-30 16:40:13.6519664,0,Самогон,1,1942,,,
1349,рябина на самогоне рецепт,2022-11-30 16:40:13.6519664,0,Самогон,1,1942,,,
1350,самогон на пшенице без дрожжей,2022-11-30 16:40:13.6519664,0,Самогон,1,1939,,,
1351,на чем настоять самогон для приятного употребления,2022-11-30 16:40:13.6519664,0,Самогон,1,1933,,,
1352,как сделать настойку из самогона,2022-11-30 16:40:13.6519664,0,Самогон,1,1932,,,
1353,заморозить самогон,2022-11-30 16:40:13.6529633,0,Самогон,1,1932,,,
1354,где купить самогон,2022-11-30 16:40:13.6529633,0,Самогон,1,1932,,,
1355,фруктовый самогон,2022-11-30 16:40:13.6529633,0,Самогон,1,1931,,,
1356,как разбавить самогон водой до 40,2022-11-30 16:40:13.6529633,0,Самогон,1,1930,,,
1357,правильный перегон самогона,2022-11-30 16:40:13.6529633,0,Самогон,1,1930,,,
1358,сколько декстрозы на литр самогона,2022-11-30 16:40:13.6529633,0,Самогон,1,1924,,,
1359,при каком гонят самогон,2022-11-30 16:40:13.6529633,0,Самогон,1,1923,,,
1360,вкусный самогон в домашних,2022-11-30 16:40:13.6529633,0,Самогон,1,1922,,,
1361,самогон на изюме,2022-11-30 16:40:13.6529633,0,Самогон,1,1920,,,
1362,настойка на гранате на самогоне,2022-11-30 16:40:13.6529633,0,Самогон,1,1919,,,
1363,очистка самогона молоком,2022-11-30 16:40:13.6529633,0,Самогон,1,1916,,,
1364,самогон самосад песня,2022-11-30 16:40:13.6539618,0,Самогон,1,1915,,,
1365,пропорции браги для самогона из сахара,2022-11-30 16:40:13.6539618,0,Самогон,1,1914,,,
1366,самогон краснодар,2022-11-30 16:40:13.6539618,0,Самогон,1,1913,,,
239,калькулятор онлайн спирт вода,2020-10-30 16:39:24.8349315,0,калькулятор разбавления самогона водой,5,1912,24,24,1.04
1367,как правильно разбавить самогон водой,2022-11-30 16:40:13.6539618,0,Самогон,1,1912,,,
706,смешивание спиртов,2022-01-20 09:49:38.3753619,0,Калькулятор смешивания спиртов,18,1910,13,11,
1368,сколько угля на литр самогона,2022-11-30 16:40:13.6539618,0,Самогон,1,1906,,,
1369,самогон из варенья в домашних,2022-11-30 16:40:13.6539618,0,Самогон,1,1905,,,
1370,настойки на самогоне 3 литра,2022-11-30 16:40:13.6539618,0,Самогон,1,1900,,,
1371,из самогона сделать коньяк в домашних условиях,2022-11-30 16:40:13.6539618,0,Самогон,1,1899,,,
1372,самогон без аппарата,2022-11-30 16:40:13.6539618,0,Самогон,1,1897,,,
1373,бутылки для самогона купить,2022-11-30 16:40:13.6539618,0,Самогон,1,1887,,,
1374,поставить самогон из сахара и дрожжей,2022-11-30 16:40:13.6539618,0,Самогон,1,1885,,,
1375,напитки из самогона,2022-11-30 16:40:13.6539618,0,Самогон,1,1880,,,
1376,самогон на апельсине,2022-11-30 16:40:13.6539618,0,Самогон,1,1878,,,
1377,перегонка браги в самогон,2022-11-30 16:40:13.6539618,0,Самогон,1,1873,,,
1378,настойка самогона скорлупы,2022-11-30 16:40:13.6539618,0,Самогон,1,1867,,,
1379,самогон со,2022-11-30 16:40:13.6539618,0,Самогон,1,1862,,,
1380,березовый самогон,2022-11-30 16:40:13.6539618,0,Самогон,1,1858,,,
1381,марганцовка в самогон,2022-11-30 16:40:13.6539618,0,Самогон,1,1856,,,
1382,давай самогона,2022-11-30 16:40:13.6549583,0,Самогон,1,1849,,,
1383,начни самогона,2022-11-30 16:40:36.1409093,0,Самогон,1,1848,,,
1384,домашний самогон рецепты из сахара,2022-11-30 16:40:36.1409093,0,Самогон,1,1844,,,
1385,правильная брага для самогона,2022-11-30 16:40:36.1409093,0,Самогон,1,1842,,,
1386,самогон в домашних условиях видео,2022-11-30 16:40:36.1409093,0,Самогон,1,1839,,,
1387,вкусный самогон в домашних условиях,2022-11-30 16:40:36.1409093,0,Самогон,1,1836,,,
1388,выпить самогон,2022-11-30 16:40:36.1419071,0,Самогон,1,1835,,,
1389,выпью самогон,2022-11-30 16:40:36.1419071,0,Самогон,1,1835,,,
1390,мандариновый самогон,2022-11-30 16:40:36.1419071,0,Самогон,1,1834,,,
1391,ликер из самогона,2022-11-30 16:40:36.1419071,0,Самогон,1,1833,,,
1392,сколько сахара в самогоне,2022-11-30 16:40:36.1419071,0,Самогон,1,1828,,,
1393,какие пропорции самогона,2022-11-30 16:40:36.1419071,0,Самогон,1,1825,,,
1394,разбавить самогон для перегонки,2022-11-30 16:40:36.1419071,0,Самогон,1,1825,,,
1395,разбавить самогон водой таблица,2022-11-30 16:40:36.1419071,0,Самогон,1,1824,,,
1396,пропорции для самогона из сахара и дрожжей,2022-11-30 16:40:36.1419071,0,Самогон,1,1821,,,
1397,самогон из яблок рецепт,2022-11-30 16:40:36.1419071,0,Самогон,1,1820,,,
1398,самогонные аппараты в домашний самогон,2022-11-30 16:40:36.1419071,0,Самогон,1,1820,,,
1399,песня самогон скручу,2022-11-30 16:40:36.1419071,0,Самогон,1,1803,,,
1400,20 рецептов самогона,2022-11-30 16:40:36.1429052,0,Самогон,1,1800,,,
1401,самогон 6,2022-11-30 16:40:36.1429052,0,Самогон,1,1800,,,
1402,самогон на корках,2022-11-30 16:40:36.1429052,0,Самогон,1,1793,,,
1403,песня самогон налью самосад,2022-11-30 16:40:36.1429052,0,Самогон,1,1791,,,
1404,палочки для самогона,2022-11-30 16:40:36.1429052,0,Самогон,1,1788,,,
1405,рецепт виски из самогона в домашних условиях,2022-11-30 16:40:36.1439017,0,Самогон,1,1783,,,
1406,самогон на кедровой скорлупе,2022-11-30 16:40:36.1439017,0,Самогон,1,1780,,,
1407,самогон слушать,2022-11-30 16:40:36.1439017,0,Самогон,1,1779,,,
439,калькулятор самогонщика русская,2020-10-30 16:33:04.9745799,0,конкуренты,12,1773,4,4,1.01
1408,антонов самогон,2022-11-30 16:40:36.1439017,0,Самогон,1,1771,,,
1409,качественный самогон,2022-11-30 16:40:36.1439017,0,Самогон,1,1768,,,
1410,гранатовый самогон,2022-11-30 16:40:36.1449001,0,Самогон,1,1766,,,
240,калькулятор спирта для разведения,2020-10-30 16:39:24.8349315,0,калькулятор разбавления самогона водой,5,1764,558,558,1.95
1411,сколько нужно сахара на самогон,2022-11-30 16:40:36.1449001,0,Самогон,1,1764,,,
1412,настойка лимонов на самогоне,2022-11-30 16:40:36.1449001,0,Самогон,1,1764,,,
1413,настойка на лимоне на самогоне,2022-11-30 16:40:36.1449001,0,Самогон,1,1762,,,
1414,самогон из варенья в домашних условиях,2022-11-30 16:40:36.1449001,0,Самогон,1,1757,,,
1415,перегонка хвостов самогона,2022-11-30 16:40:36.1449001,0,Самогон,1,1756,,,
1416,самогон на имбире,2022-11-30 16:40:36.1449001,0,Самогон,1,1752,,,
1417,как разбавить самогон таблица,2022-11-30 16:40:36.1449001,0,Самогон,1,1751,,,
1418,настойка на боярышнике на самогоне,2022-11-30 16:40:36.1449001,0,Самогон,1,1746,,,
1419,самогон капает,2022-11-30 16:40:36.1449001,0,Самогон,1,1742,,,
1420,как очистить самогон кокосовым,2022-11-30 16:40:36.1458975,0,Самогон,1,1741,,,
1421,скачать песню самогон,2022-11-30 16:40:36.1458975,0,Самогон,1,1739,,,
1422,самогон и водка официальный,2022-11-30 16:40:36.1458975,0,Самогон,1,1738,,,
1423,самогон из варенья рецепт,2022-11-30 16:40:36.1458975,0,Самогон,1,1737,,,
1424,песня самосад скручу самогон,2022-11-30 16:40:36.1458975,0,Самогон,1,1736,,,
1425,самогон на дубовой коре,2022-11-30 16:40:36.1458975,0,Самогон,1,1732,,,
1426,купить дистиллятор для самогона,2022-11-30 16:40:36.1458975,0,Самогон,1,1730,,,
178,калькулятор разбавления самогона водой онлайн,2020-10-30 16:36:51.8094591,0,калькулятор разбавления самогона водой,5,1729,646,456,1.79
1427,рецепт самогона без запаха,2022-11-30 16:40:36.1458975,0,Самогон,1,1726,,,
1428,калькулятор самогонщика онлайн разбавление самогона,2022-11-30 16:40:36.1458975,0,Самогон,1,1718,,,
1429,самогон помутнел,2022-11-30 16:40:36.1458975,0,Самогон,1,1718,,,
1430,травы для самогона,2022-11-30 16:40:36.1458975,0,Самогон,1,1714,,,
1431,сырец самогона,2022-11-30 16:40:36.1458975,0,Самогон,1,1712,,,
1432,5 литров самогона,2022-11-30 16:40:36.1468937,0,Самогон,1,1712,,,
1433,приготовление браги для самогона,2022-11-30 16:41:00.9654688,0,Самогон,1,1711,,,
1434,домашние дрожжи для самогона,2022-11-30 16:41:00.9664665,0,Самогон,1,1709,,,
1435,самогон урал,2022-11-30 16:41:00.9664665,0,Самогон,1,1709,,,
1436,глюкоза для самогона,2022-11-30 16:41:00.9664665,0,Самогон,1,1709,,,
1437,почему самогон мутный,2022-11-30 16:41:00.9664665,0,Самогон,1,1709,,,
1438,очистка самогона углем в домашних условиях,2022-11-30 16:41:00.9674637,0,Самогон,1,1707,,,
1439,как очистить самогон кокосовым углем,2022-11-30 16:41:00.9674637,0,Самогон,1,1706,,,
1440,самогон на мандаринах,2022-11-30 16:41:00.9674637,0,Самогон,1,1705,,,
1441,как поставить брагу на самогон из сахара,2022-11-30 16:41:00.9674637,0,Самогон,1,1705,,,
1442,первая очистка самогона,2022-11-30 16:41:00.9674637,0,Самогон,1,1705,,,
1443,угольная колонна для самогона,2022-11-30 16:41:00.9674637,0,Самогон,1,1704,,,
1444,самогон на лимоне рецепт,2022-11-30 16:41:00.9674637,0,Самогон,1,1702,,,
1445,как подготовить самогон,2022-11-30 16:41:00.9674637,0,Самогон,1,1695,,,
1446,колонна для очистки самогона,2022-11-30 16:41:00.9684588,0,Самогон,1,1694,,,
1447,самогон скручу самогон налью песни,2022-11-30 16:41:00.9684588,0,Самогон,1,1693,,,
1448,самогон на чаге,2022-11-30 16:41:00.9684588,0,Самогон,1,1686,,,
1449,вкус и запах самогона,2022-11-30 16:41:00.9684588,0,Самогон,1,1684,,,
1450,дубовые палочки для самогона,2022-11-30 16:41:00.9684588,0,Самогон,1,1684,,,
1451,самогон картинки,2022-11-30 16:41:00.9684588,0,Самогон,1,1681,,,
1452,калькулятор таблицы самогона,2022-11-30 16:41:00.9684588,0,Самогон,1,1675,,,
1453,углевание самогона,2022-11-30 16:41:00.9684588,0,Самогон,1,1673,,,
1454,углевания самогона,2022-11-30 16:41:00.9694573,0,Самогон,1,1673,,,
1455,как сделать перегонку самогона,2022-11-30 16:41:00.9694573,0,Самогон,1,1669,,,
1456,самогон из яблок в домашних,2022-11-30 16:41:00.9694573,0,Самогон,1,1667,,,
1457,сколько самогона с литра браги,2022-11-30 16:41:00.9694573,0,Самогон,1,1662,,,
1458,самогон без сахара и дрожжей,2022-11-30 16:41:00.9704554,0,Самогон,1,1653,,,
1459,настой самогона на дубовой,2022-11-30 16:41:00.9734506,0,Самогон,1,1651,,,
1460,песня самогон налью самосад скручу,2022-11-30 16:41:00.9744437,0,Самогон,1,1643,,,
1461,магазин самогон купить,2022-11-30 16:41:00.9744437,0,Самогон,1,1640,,,
1462,самогон мутнеет,2022-11-30 16:41:00.9744437,0,Самогон,1,1637,,,
1463,самогон таблетки,2022-11-30 16:41:00.9744437,0,Самогон,1,1634,,,
1464,перегонка самогона с сухопарником,2022-11-30 16:41:00.9754428,0,Самогон,1,1633,,,
1465,настойки на самогоне рецепты орехи,2022-11-30 16:41:00.9754428,0,Самогон,1,1626,,,
1466,брага для самогона на 30 литров,2022-11-30 16:41:00.9754428,0,Самогон,1,1624,,,
1467,как развести самогон водой,2022-11-30 16:41:00.9754428,0,Самогон,1,1623,,,
1468,антон самогон,2022-11-30 16:41:00.9754428,0,Самогон,1,1622,,,
1469,подготовка самогона,2022-11-30 16:41:00.9754428,0,Самогон,1,1621,,,
1470,алкофан самогон,2022-11-30 16:41:00.9754428,0,Самогон,1,1620,,,
1471,самогон из жмыха,2022-11-30 16:41:00.9754428,0,Самогон,1,1619,,,
1472,угольная колонна для очистки самогона,2022-11-30 16:41:00.9754428,0,Самогон,1,1618,,,
1473,самогон на пит,2022-11-30 16:41:00.9764387,0,Самогон,1,1612,,,
1474,польза и вред настоек на самогоне,2022-11-30 16:41:00.9764387,0,Самогон,1,1612,,,
1475,как использовать самогон,2022-11-30 16:41:00.9764387,0,Самогон,1,1610,,,
1476,настоять самогон на орешках,2022-11-30 16:41:00.9764387,0,Самогон,1,1608,,,
1477,настой самогона на кедровых орешках,2022-11-30 16:41:00.9764387,0,Самогон,1,1604,,,
1478,аппарат для самогона,2022-11-30 16:41:00.9764387,0,Самогон,1,1601,,,
1479,самогон из черноплодной рябины,2022-11-30 16:41:00.9764387,0,Самогон,1,1601,,,
1480,настойка на смородине на самогоне,2022-11-30 16:41:00.9764387,0,Самогон,1,1598,,,
1481,как очистить самогон активированным,2022-11-30 16:41:00.9764387,0,Самогон,1,1590,,,
1482,очистка самогона первой перегонки,2022-11-30 16:41:00.9774356,0,Самогон,1,1590,,,
1483,самогон на колонне с дефлегматором,2022-11-30 16:41:25.5444779,0,Самогон,1,1586,,,
1484,приму самогон,2022-11-30 16:41:25.5454756,0,Самогон,1,1585,,,
1485,самогон на вине,2022-11-30 16:41:25.5454756,0,Самогон,1,1585,,,
1486,какой сахар для самогона,2022-11-30 16:41:25.5454756,0,Самогон,1,1582,,,
1487,как сделать самогон из дрожжей,2022-11-30 16:41:25.5454756,0,Самогон,1,1582,,,
1488,как очистить активируем углем самогон,2022-11-30 16:41:25.5454756,0,Самогон,1,1581,,,
1489,фильтр для очистки самогона,2022-11-30 16:41:25.5454756,0,Самогон,1,1581,,,
1490,очищение самогона,2022-11-30 16:41:25.5454756,0,Самогон,1,1581,,,
1491,как очистить самогон активированным углем,2022-11-30 16:41:25.5454756,0,Самогон,1,1581,,,
1492,можно ли пить самогон,2022-11-30 16:41:25.5454756,0,Самогон,1,1580,,,
1493,как разбавить самогон водой до 40 градусов,2022-11-30 16:41:25.5464715,0,Самогон,1,1579,,,
1494,очистка самогона после первой перегонки,2022-11-30 16:41:25.5464715,0,Самогон,1,1578,,,
1495,самогон из яблок в домашних условиях,2022-11-30 16:41:25.5464715,0,Самогон,1,1576,,,
1496,сколько орехов на самогоне,2022-11-30 16:41:25.5474683,0,Самогон,1,1574,,,
1497,название самогона,2022-11-30 16:41:25.5474683,0,Самогон,1,1573,,,
1498,какая брага лучше для самогона,2022-11-30 16:41:25.5474683,0,Самогон,1,1568,,,
65,калькулятор градусов самогона,2020-10-30 16:36:51.8094591,0,Все,3,1566,8,6,1.01
1499,настойка на яблоках на самогоне,2022-11-30 16:41:25.5474683,0,Самогон,1,1566,,,
1500,настоять самогон на дубовой,2022-11-30 16:41:25.5474683,0,Самогон,1,1563,,,
1501,спиртометр для самогона,2022-11-30 16:41:25.5484676,0,Самогон,1,1562,,,
1502,самогон 60,2022-11-30 16:41:25.5484676,0,Самогон,1,1561,,,
1503,при какой температуре гнать самогон,2022-11-30 16:41:25.5484676,0,Самогон,1,1555,,,
132,калькулятор онлайн самогонщика разбавить,2020-10-30 16:33:04.9755768,0,калькулятор разбавления самогона водой,5,1552,15,15,1.03
1504,самогон на калине рецепт,2022-11-30 16:41:25.5484676,0,Самогон,1,1551,,,
1505,качество самогона,2022-11-30 16:41:25.5494612,0,Самогон,1,1549,,,
1506,самогоны фильм,2022-11-30 16:41:25.5494612,0,Самогон,1,1545,,,
1507,самогон на смородине черной,2022-11-30 16:41:25.5504566,0,Самогон,1,1544,,,
1508,настаивать самогон на орехах,2022-11-30 16:41:25.5514537,0,Самогон,1,1540,,,
1509,клюква на самогоне в домашних,2022-11-30 16:41:25.5514537,0,Самогон,1,1539,,,
1510,рецепт домашнего самогона без дрожжей,2022-11-30 16:41:25.5514537,0,Самогон,1,1529,,,
1511,самогон из кукурузы,2022-11-30 16:41:25.5524527,0,Самогон,1,1528,,,
1512,как смягчить самогон,2022-11-30 16:41:25.5524527,0,Самогон,1,1525,,,
1513,можно ли в самогон добавить,2022-11-30 16:41:25.5524527,0,Самогон,1,1522,,,
1514,самогон домашний фото,2022-11-30 16:41:25.5534491,0,Самогон,1,1519,,,
133,калькулятор самогонщика онлайн расчет разбавить,2020-10-30 16:33:04.9755768,0,калькулятор разбавления самогона водой,5,1518,289,289,1.57
1515,самогон скачать бесплатно,2022-11-30 16:41:25.5534491,0,Самогон,1,1517,,,
1516,мягкий самогон,2022-11-30 16:41:25.5534491,0,Самогон,1,1512,,,
1517,очистить самогон в домашних условиях быстро,2022-11-30 16:41:25.5544489,0,Самогон,1,1512,,,
1518,самогон на кокосовом угле,2022-11-30 16:41:25.5544489,0,Самогон,1,1511,,,
1519,как правильно гнать самогон в домашних,2022-11-30 16:41:25.5544489,0,Самогон,1,1509,,,
1520,как сделать самогон из сахара,2022-11-30 16:41:25.5544489,0,Самогон,1,1508,,,
327,калькулятор голов самогонщика,2020-10-30 16:33:04.9755768,0,калькулятор самогонщика отбор голов,6,1505,27,12,1.02
1521,самогон на второй раз,2022-11-30 16:41:25.5554462,0,Самогон,1,1501,,,
1522,турбо дрожжи для самогона купить,2022-11-30 16:41:25.5554462,0,Самогон,1,1500,,,
1523,таблица как разбавлять самогон градус,2022-11-30 16:41:25.5554462,0,Самогон,1,1486,,,
1524,выход самогона из браги,2022-11-30 16:41:25.5554462,0,Самогон,1,1483,,,
1525,самогон процент,2022-11-30 16:41:25.5564428,0,Самогон,1,1479,,,
1526,калькулятор самогонщика разбавление самогона водой после первой,2022-11-30 16:41:25.5564428,0,Самогон,1,1471,,,
1527,сколько самогона из 20 литров,2022-11-30 16:41:25.5564428,0,Самогон,1,1466,,,
1528,чем очистить самогон в домашних,2022-11-30 16:41:25.5574387,0,Самогон,1,1464,,,
1529,выгон самогона,2022-11-30 16:41:25.5574387,0,Самогон,1,1462,,,
1530,домашний джин из самогона,2022-11-30 16:41:25.5584351,0,Самогон,1,1462,,,
1531,сухие дрожжи для браги для самогона,2022-11-30 16:41:25.5584351,0,Самогон,1,1459,,,
1532,вакуумный самогон,2022-11-30 16:41:25.5584351,0,Самогон,1,1456,,,
1533,сахарный самогон рецепт,2022-11-30 16:41:49.7373266,0,Самогон,1,1455,,,
1534,самогон брожение,2022-11-30 16:41:49.7393079,0,Самогон,1,1455,,,
1535,как принимать самогон,2022-11-30 16:41:49.7393079,0,Самогон,1,1450,,,
1536,вторая перегонка самогона на колонне,2022-11-30 16:41:49.7393079,0,Самогон,1,1445,,,
1537,калькулятор градусов самогона,2022-11-30 16:41:49.7393079,0,Самогон,1,1444,,,
1538,сколько декстрозы для смягчения самогона,2022-11-30 16:41:49.7393079,0,Самогон,1,1437,,,
1539,лучшие дрожжи для браги для самогона,2022-11-30 16:41:49.7393079,0,Самогон,1,1436,,,
1540,самогон приготовить рецепт,2022-11-30 16:41:49.7403037,0,Самогон,1,1436,,,
1541,самогон и водка официальный сайт,2022-11-30 16:41:49.7403037,0,Самогон,1,1432,,,
1542,наклейки на бутылки самогона,2022-11-30 16:41:49.7403037,0,Самогон,1,1430,,,
1543,калькүлятор самогона,2022-11-30 16:41:49.7403037,0,Самогон,1,1429,,,
1544,самогон 45,2022-11-30 16:41:49.7403037,0,Самогон,1,1429,,,
1545,вторая очистка самогона,2022-11-30 16:41:49.7403037,0,Самогон,1,1428,,,
1546,перегон самогона на колонне,2022-11-30 16:41:49.7403037,0,Самогон,1,1426,,,
1547,самогон в домашних условиях фото,2022-11-30 16:41:49.7403037,0,Самогон,1,1425,,,
1548,как приготовить брагу для самогона,2022-11-30 16:41:49.7403037,0,Самогон,1,1424,,,
1549,домашний самогон из винограда рецепт,2022-11-30 16:41:49.7403037,0,Самогон,1,1423,,,
1550,рецепт самогона на 20 литров,2022-11-30 16:41:49.7403037,0,Самогон,1,1423,,,
1551,какая температура самогона должна,2022-11-30 16:41:49.7403037,0,Самогон,1,1420,,,
1552,песня про самогон,2022-11-30 16:41:49.741301,0,Самогон,1,1420,,,
1553,как быстро очистить самогон,2022-11-30 16:41:49.741301,0,Самогон,1,1419,,,
1554,гоним самогон в домашних условиях правильно,2022-11-30 16:41:49.741301,0,Самогон,1,1417,,,
1555,колонна гоним самогон,2022-11-30 16:41:49.741301,0,Самогон,1,1417,,,
1556,самогон 48,2022-11-30 16:41:49.741301,0,Самогон,1,1415,,,
1557,что добавить в самогон для вкуса,2022-11-30 16:41:49.741301,0,Самогон,1,1413,,,
1558,самогон домашний рецепты из сахара и дрожжей,2022-11-30 16:41:49.741301,0,Самогон,1,1412,,,
1559,калькүлятор самогонщика разбавление самогона,2022-11-30 16:41:49.741301,0,Самогон,1,1412,,,
1560,брага для самогона 40 литров,2022-11-30 16:41:49.741301,0,Самогон,1,1408,,,
1561,самогон 2022,2022-11-30 16:41:49.741301,0,Самогон,1,1407,,,
1562,озон самогон,2022-11-30 16:41:49.741301,0,Самогон,1,1407,,,
1563,самогон на облепихе,2022-11-30 16:41:49.741301,0,Самогон,1,1405,,,
1564,хреновуха на самогоне классический,2022-11-30 16:41:49.741301,0,Самогон,1,1405,,,
1565,самогон на клюкве в домашних условиях,2022-11-30 16:41:49.7422981,0,Самогон,1,1403,,,
1566,как правильно перегнать самогон второй,2022-11-30 16:41:49.7422981,0,Самогон,1,1402,,,
1567,самогон вейн,2022-11-30 16:41:49.7422981,0,Самогон,1,1400,,,
1568,двойной перегон самогона,2022-11-30 16:41:49.7422981,0,Самогон,1,1399,,,
1569,человек самогон,2022-11-30 16:41:49.7422981,0,Самогон,1,1399,,,
1570,самогон купить в спб,2022-11-30 16:41:49.7422981,0,Самогон,1,1394,,,
1571,сколько дрожжей на литр самогона,2022-11-30 16:41:49.7422981,0,Самогон,1,1392,,,
1572,самогон 4,2022-11-30 16:41:49.7422981,0,Самогон,1,1390,,,
1573,как гнать самогон правильно в домашних условиях,2022-11-30 16:41:49.7422981,0,Самогон,1,1387,,,
1574,через фильтр самогона,2022-11-30 16:41:49.7422981,0,Самогон,1,1386,,,
1575,хреновуха на самогоне классический рецепт,2022-11-30 16:41:49.7432962,0,Самогон,1,1371,,,
1576,лучший настой самогона,2022-11-30 16:41:49.7432962,0,Самогон,1,1369,,,
1577,добавки для самогона,2022-11-30 16:41:49.7432962,0,Самогон,1,1369,,,
1578,перегонка самогона с дефлегматором,2022-11-30 16:41:49.7432962,0,Самогон,1,1363,,,
1579,голы в самогоне,2022-11-30 16:41:49.7432962,0,Самогон,1,1361,,,
1580,чем закрасить самогон,2022-11-30 16:41:49.7432962,0,Самогон,1,1361,,,
1581,самогон из сахара без дрожжей рецепт,2022-11-30 16:41:49.7432962,0,Самогон,1,1355,,,
1582,сколько самогона выходит браги,2022-11-30 16:41:49.7432962,0,Самогон,1,1354,,,
1583,ароматов самогона,2022-11-30 16:42:14.8384636,0,Самогон,1,1354,,,
1584,какая температура перегонки самогона,2022-11-30 16:42:14.8464435,0,Самогон,1,1348,,,
1585,как очистить самогон углем в домашних,2022-11-30 16:42:14.8464435,0,Самогон,1,1347,,,
1586,самогон на гранате рецепт,2022-11-30 16:42:14.8464435,0,Самогон,1,1346,,,
1587,как разбавить самогон до 40 таблица,2022-11-30 16:42:14.8464435,0,Самогон,1,1345,,,
1588,как перегнать самогон второй раз,2022-11-30 16:42:14.8464435,0,Самогон,1,1345,,,
1589,концентрат для самогона,2022-11-30 16:42:14.8464435,0,Самогон,1,1333,,,
1590,состав самогона,2022-11-30 16:42:14.8474407,0,Самогон,1,1332,,,
1591,самогон купить цена,2022-11-30 16:42:14.8474407,0,Самогон,1,1331,,,
1592,разбавить самогон водой до 40 градусов таблица,2022-11-30 16:42:14.8474407,0,Самогон,1,1330,,,
1593,самогон сахар сухие дрожжи,2022-11-30 16:42:14.8474407,0,Самогон,1,1325,,,
1594,как сделать вкус самогона,2022-11-30 16:42:14.8474407,0,Самогон,1,1324,,,
241,разбавить спирт водой калькулятор,2020-10-30 16:39:24.8359287,0,калькулятор разбавления самогона водой,5,1319,443,421,1.96
1595,брага из яблок для самогона,2022-11-30 16:42:14.8474407,0,Самогон,1,1319,,,
1596,пропорции второй перегонки самогона,2022-11-30 16:42:14.8474407,0,Самогон,1,1319,,,
1597,разбавление самогона для второй перегонки,2022-11-30 16:42:14.8474407,0,Самогон,1,1318,,,
1598,выгонка самогона,2022-11-30 16:42:14.8484378,0,Самогон,1,1318,,,
1599,получение самогона,2022-11-30 16:42:14.8484378,0,Самогон,1,1318,,,
1600,апельсиновый самогон,2022-11-30 16:42:14.8484378,0,Самогон,1,1317,,,
1601,дрожжи для самогона отзывы,2022-11-30 16:42:14.8484378,0,Самогон,1,1317,,,
1602,как разбавить самогон до 40 градусов таблица,2022-11-30 16:42:14.8484378,0,Самогон,1,1316,,,
1603,сколько самогона из 20 литров браги,2022-11-30 16:42:14.8484378,0,Самогон,1,1315,,,
1604,приятный вкус самогона,2022-11-30 16:42:14.8484378,0,Самогон,1,1315,,,
1605,самогон легко,2022-11-30 16:42:14.8484378,0,Самогон,1,1314,,,
1606,рецепт самогона пошагово,2022-11-30 16:42:14.8494354,0,Самогон,1,1313,,,
1607,рецепты самогона 40,2022-11-30 16:42:14.8494354,0,Самогон,1,1310,,,
1608,производство самогона,2022-11-30 16:42:14.8494354,0,Самогон,1,1310,,,
1609,лучший сахар для самогона,2022-11-30 16:42:14.8494354,0,Самогон,1,1309,,,
1610,2 перегон самогона,2022-11-30 16:42:14.8494354,0,Самогон,1,1309,,,
1611,рецепты браги для самогона в домашних,2022-11-30 16:42:14.8494354,0,Самогон,1,1308,,,
1612,ржаной самогон,2022-11-30 16:42:14.8494354,0,Самогон,1,1306,,,
1613,кукурузный самогон,2022-11-30 16:42:14.8494354,0,Самогон,1,1305,,,
1614,чернослив в самогон в домашних,2022-11-30 16:42:14.8494354,0,Самогон,1,1303,,,
1615,коньяк из самогона на дубовой,2022-11-30 16:42:14.8504326,0,Самогон,1,1303,,,
1616,джин из самогона в домашних условиях,2022-11-30 16:42:14.8504326,0,Самогон,1,1300,,,
1617,перегон голов самогона,2022-11-30 16:42:14.8504326,0,Самогон,1,1300,,,
1618,развести самогон калькулятор,2022-11-30 16:42:14.8504326,0,Самогон,1,1300,,,
1619,самогон 100,2022-11-30 16:42:14.8504326,0,Самогон,1,1295,,,
657,таблица разбавить самогон калькулятор,2020-10-30 16:36:51.8094591,0,таблица разбавления самогона водой калькулятор,55,1292,3,3,1.01
1620,самогон в россии,2022-11-30 16:42:14.8504326,0,Самогон,1,1292,,,
1621,калькулятор самогонщика разбавление самогона водой онлайн,2022-11-30 16:42:14.8504326,0,Самогон,1,1288,,,
1622,разбавление самогона водой после первой перегонки,2022-11-30 16:42:14.85143,0,Самогон,1,1287,,,
1623,рецепт классического самогона в домашних условиях,2022-11-30 16:42:14.85143,0,Самогон,1,1286,,,
1624,самогон головы сколько отбирать,2022-11-30 16:42:14.85143,0,Самогон,1,1281,,,
1625,сколько нужно дрожжей на самогон,2022-11-30 16:42:14.85143,0,Самогон,1,1279,,,
1626,вячеслав самогон,2022-11-30 16:42:14.85143,0,Самогон,1,1277,,,
1627,как ставить брагу для самогона,2022-11-30 16:42:14.85143,0,Самогон,1,1275,,,
1628,зерновая брага для самогона,2022-11-30 16:42:14.8524268,0,Самогон,1,1275,,,
1629,самогон плесень,2022-11-30 16:42:14.8524268,0,Самогон,1,1275,,,
1630,рябина на самогоне в домашних,2022-11-30 16:42:14.8524268,0,Самогон,1,1273,,,
1631,старый самогон,2022-11-30 16:42:14.8524268,0,Самогон,1,1270,,,
1632,самогон свойства,2022-11-30 16:42:14.8524268,0,Самогон,1,1268,,,
1633,сколько угля для очистки самогона на литр,2022-11-30 16:42:38.9971016,0,Самогон,1,1267,,,
1634,самогонный аппарат как гнать самогон,2022-11-30 16:42:38.9980984,0,Самогон,1,1265,,,
1635,перегон самогона в домашних,2022-11-30 16:42:38.9990965,0,Самогон,1,1263,,,
1636,настойка на грецких орехах на самогоне рецепт,2022-11-30 16:42:38.9990965,0,Самогон,1,1262,,,
1637,на чем настаивать самогон в домашних условиях,2022-11-30 16:42:38.9990965,0,Самогон,1,1260,,,
1638,как приготовить настойку самогона,2022-11-30 16:42:38.9990965,0,Самогон,1,1260,,,
1639,самогон на фейхоа рецепт,2022-11-30 16:42:38.9990965,0,Самогон,1,1258,,,
1640,сколько декстрозы на литр самогона для смягчения,2022-11-30 16:42:38.9990965,0,Самогон,1,1251,,,
1641,купить литр самогона,2022-11-30 16:42:38.9990965,0,Самогон,1,1251,,,
1642,правильные дрожжи для самогона,2022-11-30 16:42:39.0000924,0,Самогон,1,1250,,,
1643,домашний самогон из пшеницы рецепт,2022-11-30 16:42:39.0000924,0,Самогон,1,1250,,,
1644,какой водой разбавлять самогон,2022-11-30 16:42:39.0000924,0,Самогон,1,1249,,,
1645,разбавляют ли самогон,2022-11-30 16:42:39.0000924,0,Самогон,1,1248,,,
1646,декстроза на 1 литр самогона,2022-11-30 16:42:39.0000924,0,Самогон,1,1243,,,
1647,как делать самогон в домашних,2022-11-30 16:42:39.0000924,0,Самогон,1,1240,,,
1648,настойка самогона на перегородках рецепты,2022-11-30 16:42:39.0000924,0,Самогон,1,1240,,,
1649,второй перегон самогона как правильно,2022-11-30 16:42:39.0000924,0,Самогон,1,1240,,,
1650,самогон из солода,2022-11-30 16:42:39.0000924,0,Самогон,1,1238,,,
1651,белый самогон,2022-11-30 16:42:39.001089,0,Самогон,1,1238,,,
1652,очистка самогона второй перегонки,2022-11-30 16:42:39.001089,0,Самогон,1,1237,,,
1653,настойка самогона на кедровых орешках рецепт,2022-11-30 16:42:39.001089,0,Самогон,1,1237,,,
1654,вкусный самогон домашний рецепт,2022-11-30 16:42:39.001089,0,Самогон,1,1236,,,
1655,калькүлятор разбавления самогона водой,2022-11-30 16:42:39.001089,0,Самогон,1,1234,,,
1656,калькүлятор самогонщика разбавление самогона водой,2022-11-30 16:42:39.001089,0,Самогон,1,1234,,,
1657,красивый самогон,2022-11-30 16:42:39.0071488,0,Самогон,1,1234,,,
1658,самогон на скорлупе макадамии,2022-11-30 16:42:39.0071488,0,Самогон,1,1233,,,
1659,самый вкусный самогон,2022-11-30 16:42:39.0071488,0,Самогон,1,1233,,,
1660,сколько самогона из 10,2022-11-30 16:42:39.0071488,0,Самогон,1,1227,,,
1661,самогон процесс,2022-11-30 16:42:39.0071488,0,Самогон,1,1225,,,
1662,самогон без сахара без домашних,2022-11-30 16:42:39.0071488,0,Самогон,1,1223,,,
1663,дубовый самогон настаивание,2022-11-30 16:42:39.0071488,0,Самогон,1,1222,,,
1664,рецепт самогона из пшеницы в домашних условиях,2022-11-30 16:42:39.0071488,0,Самогон,1,1219,,,
1665,чем отличается самогон,2022-11-30 16:42:39.0081436,0,Самогон,1,1218,,,
1666,сколько стоит брага для самогона,2022-11-30 16:42:39.0081436,0,Самогон,1,1216,,,
1667,как правильно очистить самогон,2022-11-30 16:42:39.0081436,0,Самогон,1,1215,,,
1668,как перегонять самогон,2022-11-30 16:42:39.0081436,0,Самогон,1,1215,,,
1669,смягчение самогона глюкозой,2022-11-30 16:42:39.01313,0,Самогон,1,1214,,,
1670,чем отбить самогон,2022-11-30 16:42:39.01313,0,Самогон,1,1212,,,
1671,рассчитать самогон,2022-11-30 16:42:39.0141274,0,Самогон,1,1206,,,
1672,после второго перегона самогона,2022-11-30 16:42:39.0141274,0,Самогон,1,1206,,,
1673,быстрый рецепт самогона,2022-11-30 16:42:39.0141274,0,Самогон,1,1206,,,
1674,рецепт перцовки на самогоне,2022-11-30 16:42:39.0141274,0,Самогон,1,1201,,,
1675,самогон настойки рецепты на рябине,2022-11-30 16:42:39.0141274,0,Самогон,1,1200,,,
1676,сироп для самогона,2022-11-30 16:42:39.0141274,0,Самогон,1,1197,,,
1677,рябина на самогоне в домашних условиях,2022-11-30 16:42:39.0141274,0,Самогон,1,1197,,,
1678,сколько кг сахара на самогон,2022-11-30 16:42:39.0151261,0,Самогон,1,1196,,,
1679,вкусный самогон в домашних условиях рецепты,2022-11-30 16:42:39.0151261,0,Самогон,1,1196,,,
1680,как правильно сделать перегонку самогона,2022-11-30 16:42:39.0151261,0,Самогон,1,1196,,,
578,разбавить самогон до 40 калькулятор,2020-10-30 16:36:51.8094591,0,калькулятор водки из спирта,21,1195,13,13,1.03
1681,самогон екатеринбург,2022-11-30 16:42:39.0151261,0,Самогон,1,1194,,,
1682,настойка на шиповнике на самогоне,2022-11-30 16:42:39.0151261,0,Самогон,1,1193,,,
1683,самогон дымок,2022-11-30 16:43:07.8511728,0,Самогон,1,1192,,,
1684,дымка самогон,2022-11-30 16:43:07.8521706,0,Самогон,1,1192,,,
1685,самогон на 30 литров рецепт,2022-11-30 16:43:07.8541653,0,Самогон,1,1192,,,
88,калькулятор градусов спирта,2020-10-30 16:39:24.8359287,0,Все,3,1190,11,10,1.03
1686,настойка из черноплодной рябины на самогоне,2022-11-30 16:43:07.8541653,0,Самогон,1,1190,,,
1687,самогон березовый уголь,2022-11-30 16:43:07.8541653,0,Самогон,1,1189,,,
1688,вячеслав антонов самогон,2022-11-30 16:43:07.8541653,0,Самогон,1,1185,,,
1689,чем отбить запах самогона,2022-11-30 16:43:07.8541653,0,Самогон,1,1182,,,
1690,дрожжи для самогона 48,2022-11-30 16:43:07.8541653,0,Самогон,1,1182,,,
1691,сколько сахара на литр браги для самогона,2022-11-30 16:43:07.8541653,0,Самогон,1,1177,,,
1692,самогон на скорлупе рецепт,2022-11-30 16:43:07.8551624,0,Самогон,1,1175,,,
1693,включи самогона,2022-11-30 16:43:07.8551624,0,Самогон,1,1174,,,
1694,самогон на косточках,2022-11-30 16:43:07.8551624,0,Самогон,1,1174,,,
1695,самогон на кедровых орешках рецепт на 3,2022-11-30 16:43:07.8571559,0,Самогон,1,1169,,,
1696,фляга для самогона,2022-11-30 16:43:07.8581534,0,Самогон,1,1168,,,
1697,самогон из муки,2022-11-30 16:43:07.8581534,0,Самогон,1,1167,,,
1698,самогон пенза,2022-11-30 16:43:07.8581534,0,Самогон,1,1165,,,
1699,чернослив в самогон в домашних условиях,2022-11-30 16:43:07.8581534,0,Самогон,1,1165,,,
242,калькулятор спирта для разведения водой,2020-10-30 16:39:24.8359287,0,калькулятор разбавления самогона водой,5,1163,488,486,2.25
1700,самогон 70,2022-11-30 16:43:07.8581534,0,Самогон,1,1163,,,
1701,самогон без сахара в домашних условиях,2022-11-30 16:43:07.8581534,0,Самогон,1,1163,,,
1702,настоять самогон рецепты чем в домашних,2022-11-30 16:43:07.8581534,0,Самогон,1,1161,,,
1703,настоять самогон на грецких,2022-11-30 16:43:07.8591519,0,Самогон,1,1161,,,
1704,разбавление самогона водой для второй перегонки,2022-11-30 16:43:07.8591519,0,Самогон,1,1160,,,
1705,самогон на шишках,2022-11-30 16:43:07.860149,0,Самогон,1,1159,,,
1706,самогон на бруснике,2022-11-30 16:43:07.860149,0,Самогон,1,1158,,,
1707,рисовый самогон,2022-11-30 16:43:07.860149,0,Самогон,1,1157,,,
1708,рецепты домашнего самогона варенья,2022-11-30 16:43:07.860149,0,Самогон,1,1155,,,
1709,как определить самогон,2022-11-30 16:43:07.860149,0,Самогон,1,1154,,,
1710,рецепт сделать самогона коньяк,2022-11-30 16:43:07.860149,0,Самогон,1,1153,,,
1711,как очистить самогон углем в домашних условиях,2022-11-30 16:43:07.8611468,0,Самогон,1,1153,,,
1712,самогон ру,2022-11-30 16:43:07.8611468,0,Самогон,1,1149,,,
648,как разбавить самогон водой таблица калькулятор,2020-10-30 16:36:51.8094591,0,таблица разбавления самогона водой калькулятор,55,1148,8,8,1.02
1713,чипсы для самогона,2022-11-30 16:43:07.8611468,0,Самогон,1,1147,,,
1714,вторая перегонка самогона какая пропорция,2022-11-30 16:43:07.8611468,0,Самогон,1,1145,,,
1715,первая перегонка самогона в домашних условиях,2022-11-30 16:43:07.8611468,0,Самогон,1,1143,,,
1716,самогон из айвы,2022-11-30 16:43:07.8611468,0,Самогон,1,1143,,,
1717,настойка на грецких перегородках на самогоне рецепт,2022-11-30 16:43:07.8611468,0,Самогон,1,1143,,,
1718,настойка на калгане на самогоне,2022-11-30 16:43:07.8611468,0,Самогон,1,1141,,,
134,калькулятор самогонщика онлайн разбавление,2020-10-30 16:33:04.9755768,0,калькулятор разбавления самогона водой,5,1140,384,384,2.01
1719,рецепт джина из самогона,2022-11-30 16:43:07.8621435,0,Самогон,1,1140,,,
1720,клюквенный самогон,2022-11-30 16:43:07.8621435,0,Самогон,1,1139,,,
1721,вкусный самогон быстро,2022-11-30 16:43:07.8621435,0,Самогон,1,1138,,,
1722,дрожжи спиртовые для браги самогона,2022-11-30 16:43:07.8621435,0,Самогон,1,1138,,,
1723,настойка на калине на самогоне рецепт,2022-11-30 16:43:07.8621435,0,Самогон,1,1138,,,
1724,самогоном адрес,2022-11-30 16:43:07.8621435,0,Самогон,1,1136,,,
1725,самогон антон вячеслав,2022-11-30 16:43:07.8621435,0,Самогон,1,1135,,,
1726,почему мутнеет самогон,2022-11-30 16:43:07.8621435,0,Самогон,1,1134,,,
1727,рецепты браги для самогона в домашних условиях,2022-11-30 16:43:07.8631412,0,Самогон,1,1134,,,
1728,самогон как отбирать,2022-11-30 16:43:07.8631412,0,Самогон,1,1134,,,
1729,первак самогон,2022-11-30 16:43:07.8631412,0,Самогон,1,1133,,,
1730,самогон из меда рецепт,2022-11-30 16:43:07.8631412,0,Самогон,1,1132,,,
1731,мацерация самогона,2022-11-30 16:43:07.8631412,0,Самогон,1,1131,,,
1732,настойка самогона отзывы,2022-11-30 16:43:07.8631412,0,Самогон,1,1131,,,
1733,домашний самогон без аппарата,2022-11-30 16:43:33.5134778,0,Самогон,1,1129,,,
1734,как правильно поставить самогон,2022-11-30 16:43:33.5144749,0,Самогон,1,1126,,,
1735,брага для самогона рецепт на 20,2022-11-30 16:43:33.5154817,0,Самогон,1,1125,,,
1736,настойки для самогона купить,2022-11-30 16:43:33.5174663,0,Самогон,1,1123,,,
1737,самогон на ореховых перегородках,2022-11-30 16:43:33.5204614,0,Самогон,1,1123,,,
1738,насос для самогона,2022-11-30 16:43:33.5214574,0,Самогон,1,1120,,,
1739,настойка на клюкве на самогоне в домашних,2022-11-30 16:43:33.5214574,0,Самогон,1,1119,,,
1740,использование самогона,2022-11-30 16:43:33.5214574,0,Самогон,1,1119,,,
1741,рецепт домашнего самогона без запаха,2022-11-30 16:43:33.5224733,0,Самогон,1,1119,,,
1742,самогон разбавляем онлайн,2022-11-30 16:43:33.5224733,0,Самогон,1,1117,,,
1743,как делать самогон в домашних условиях,2022-11-30 16:43:33.5224733,0,Самогон,1,1117,,,
572,как разбавить самогон водой до 40 калькулятор,2020-10-30 16:36:51.8094591,0,калькулятор водки из спирта,21,1115,46,46,1.12
1744,перегонка самогона какая пропорция самогон вода,2022-11-30 16:43:33.5224733,0,Самогон,1,1113,,,
1745,очистка самогона кокосовым углем в домашних,2022-11-30 16:43:33.5234547,0,Самогон,1,1112,,,
1746,самогон рецепт видео,2022-11-30 16:43:33.5234547,0,Самогон,1,1111,,,
1747,кубики для самогона,2022-11-30 16:43:33.5234547,0,Самогон,1,1110,,,
1748,приготовление настоек из самогона в домашних условиях,2022-11-30 16:43:33.5284381,0,Самогон,1,1108,,,
1749,вишня на самогоне рецепт,2022-11-30 16:43:33.5294342,0,Самогон,1,1107,,,
1750,как перегнать самогон в домашних,2022-11-30 16:43:33.5304326,0,Самогон,1,1107,,,
1751,самогон на барбарисе,2022-11-30 16:43:33.5314292,0,Самогон,1,1106,,,
1752,на чем можно настоять самогон,2022-11-30 16:43:33.5314292,0,Самогон,1,1104,,,
1753,самогон без перегонки,2022-11-30 16:43:33.5324285,0,Самогон,1,1102,,,
1754,как настоять самогон на кедровых,2022-11-30 16:43:33.5334239,0,Самогон,1,1102,,,
1755,как быстро очистить самогон от запаха,2022-11-30 16:43:33.5344216,0,Самогон,1,1098,,,
1756,как приготовить домашний самогон рецепт,2022-11-30 16:43:33.5344216,0,Самогон,1,1095,,,
1757,разбавить самогон онлайн калькулятор,2022-11-30 16:43:33.5354215,0,Самогон,1,1093,,,
1758,самогон какой купить,2022-11-30 16:43:33.5354215,0,Самогон,1,1092,,,
575,как разбавить самогон до 40 градусов калькулятор,2020-10-30 16:36:51.8104563,0,калькулятор водки из спирта,21,1089,22,22,1.06
1759,чем очистить самогон от запаха и сивушных,2022-11-30 16:43:33.5354215,0,Самогон,1,1087,,,
1760,самогон на черноплодной рябины рецепт,2022-11-30 16:43:33.5354215,0,Самогон,1,1086,,,
1761,качественный домашний самогон,2022-11-30 16:43:33.536416,0,Самогон,1,1085,,,
1762,самогон на чае,2022-11-30 16:43:33.536416,0,Самогон,1,1085,,,
1763,перегон самогона в домашних условиях,2022-11-30 16:43:33.536416,0,Самогон,1,1083,,,
385,калькулятор самогонщика онлайн вторая,2020-10-30 16:33:04.9755768,0,Калькулятор дробной перегонки спирта-сырца: (вторая перегонка),11,1082,11,11,1.03
1764,как очистить самогон после перегонки,2022-11-30 16:43:33.536416,0,Самогон,1,1082,,,
1765,чем настоять самогон в домашних условиях рецепты,2022-11-30 16:43:33.536416,0,Самогон,1,1078,,,
1766,качественный самогон в домашних условиях,2022-11-30 16:43:33.536416,0,Самогон,1,1077,,,
662,развести спирт калькулятор,2020-10-30 16:39:24.8359287,0,калькулятор самогонщика разбавление самогона водой после второй,26,1075,159,150,1.42
1767,самогон без самогонного аппарата,2022-11-30 16:43:33.5374305,0,Самогон,1,1075,,,
1768,как сделать самогон из сахара и дрожжей,2022-11-30 16:43:33.5374305,0,Самогон,1,1075,,,
600,калькулятор самогонщика после второй перегонки,2020-10-30 16:33:04.9755768,0,калькулятор самогонщика разбавление самогона водой после второй,26,1074,0,0,1.0
1769,висельник на самогоне рецепт,2022-11-30 16:43:33.5374305,0,Самогон,1,1073,,,
1770,быстро очистить самогон от сивушных масел,2022-11-30 16:43:33.5374305,0,Самогон,1,1073,,,
1771,самогон без аппарата в домашних условиях,2022-11-30 16:43:33.5384102,0,Самогон,1,1070,,,
1772,кокосовый уголь для очистки самогона сколько,2022-11-30 16:43:33.5384102,0,Самогон,1,1069,,,
1773,гранатовая настойка на самогоне,2022-11-30 16:43:33.5384102,0,Самогон,1,1069,,,
1774,вторая перегонка самогона какая пропорция самогон вода,2022-11-30 16:43:33.5384102,0,Самогон,1,1068,,,
1775,винный самогон,2022-11-30 16:43:33.5384102,0,Самогон,1,1068,,,
1776,кедровка на самогоне,2022-11-30 16:43:33.5384102,0,Самогон,1,1068,,,
1777,до скольки гонят самогон,2022-11-30 16:43:33.5384102,0,Самогон,1,1066,,,
1778,рецепты настойки на самогоне перегородок ореха,2022-11-30 16:43:33.5384102,0,Самогон,1,1066,,,
1779,имбирная на самогоне,2022-11-30 16:43:33.5384102,0,Самогон,1,1065,,,
1780,настойка самогона на перегородках грецкого ореха рецепт,2022-11-30 16:43:33.5394191,0,Самогон,1,1065,,,
1781,самогон 0.5,2022-11-30 16:43:33.5394191,0,Самогон,1,1065,,,
1782,добавляют самогон в воду,2022-11-30 16:43:33.5394191,0,Самогон,1,1065,,,
1783,красная плесень самогон,2022-11-30 16:43:55.5270758,0,Самогон,1,1064,,,
1784,самогон 60 градусов,2022-11-30 16:43:55.5280762,0,Самогон,1,1063,,,
1785,самогон из варенья в домашних условиях рецепт,2022-11-30 16:43:55.5280762,0,Самогон,1,1061,,,
1786,правильный самогон из сахара,2022-11-30 16:43:55.5280762,0,Самогон,1,1061,,,
1787,покажи самогон,2022-11-30 16:43:55.5280762,0,Самогон,1,1061,,,
416,калькулятор спирта сырца,2020-10-30 16:39:24.8359287,0,Калькулятор дробной перегонки спирта-сырца: (вторая перегонка),11,1060,37,33,1.09
582,разбавить самогон водой до 40 градусов калькулятор,2020-10-30 16:36:51.8104563,0,калькулятор водки из спирта,21,1059,7,7,1.02
1788,брага из винограда для самогона рецепт,2022-11-30 16:43:55.5280762,0,Самогон,1,1059,,,
1789,как очистить самогон марганцовкой,2022-11-30 16:43:55.5280762,0,Самогон,1,1059,,,
1790,как избавится самогона,2022-11-30 16:43:55.5280762,0,Самогон,1,1057,,,
1791,вторая перегонка самогона в домашних,2022-11-30 16:43:55.5280762,0,Самогон,1,1056,,,
1792,самогон из изабеллы,2022-11-30 16:43:55.5290708,0,Самогон,1,1056,,,
602,калькулятор самогонщика разбавление самогона водой после второй,2020-10-30 16:33:04.9755768,0,калькулятор самогонщика разбавление самогона водой после второй,26,1053,118,118,1.34
1793,самогон какой выход,2022-11-30 16:43:55.5290708,0,Самогон,1,1053,,,
1794,самогон с перцем,2022-11-30 16:43:55.5290708,0,Самогон,1,1049,,,
1795,можно ли очищать самогон,2022-11-30 16:43:55.5290708,0,Самогон,1,1048,,,
1796,самогон недорого,2022-11-30 16:43:55.5290708,0,Самогон,1,1048,,,
1797,быстрый самогон в домашних условиях,2022-11-30 16:43:55.5290708,0,Самогон,1,1048,,,
1798,самогон на пшенице без дрожжей рецепт,2022-11-30 16:43:55.5290708,0,Самогон,1,1047,,,
1799,настой самогона на грецком орехе,2022-11-30 16:43:55.5290708,0,Самогон,1,1047,,,
1800,рецепты самогона в домашних условиях без запаха,2022-11-30 16:43:55.5300676,0,Самогон,1,1046,,,
1801,авито самогон,2022-11-30 16:43:55.5300676,0,Самогон,1,1045,,,
1802,настойка клюква на самогоне в домашних условиях,2022-11-30 16:43:55.5300676,0,Самогон,1,1044,,,
1803,как убрать запах самогона в домашних,2022-11-30 16:43:55.5300676,0,Самогон,1,1042,,,
1804,кокосовый уголь на литр самогона,2022-11-30 16:43:55.5300676,0,Самогон,1,1041,,,
1805,сколько активированного угля самогон,2022-11-30 16:43:55.5300676,0,Самогон,1,1040,,,
1806,купить домашний самогон,2022-11-30 16:43:55.5300676,0,Самогон,1,1038,,,
1807,до скольки разбавлять самогон,2022-11-30 16:43:55.5300676,0,Самогон,1,1038,,,
1808,имбирная настойка на самогоне,2022-11-30 16:43:55.5310655,0,Самогон,1,1036,,,
1809,три самогона,2022-11-30 16:43:55.5310655,0,Самогон,1,1036,,,
1810,приятный запах самогона,2022-11-30 16:43:55.5310655,0,Самогон,1,1035,,,
1811,самогон рецепт с фото пошагово,2022-11-30 16:43:55.5310655,0,Самогон,1,1035,,,
1812,сколько самогона получится из 20,2022-11-30 16:43:55.5310655,0,Самогон,1,1034,,,
1813,ликер из самогона в домашних,2022-11-30 16:43:55.5320623,0,Самогон,1,1034,,,
1814,самогон из винограда в домашних условиях простой,2022-11-30 16:43:55.5320623,0,Самогон,1,1033,,,
1815,делают ли самогон,2022-11-30 16:43:55.5320623,0,Самогон,1,1033,,,
1816,самогон из риса,2022-11-30 16:43:55.5320623,0,Самогон,1,1031,,,
1817,домашняя хреновуха на самогоне,2022-11-30 16:43:55.5320623,0,Самогон,1,1030,,,
1818,барьер самогон,2022-11-30 16:43:55.5320623,0,Самогон,1,1029,,,
1819,дубовая настойка на самогоне,2022-11-30 16:43:55.5330598,0,Самогон,1,1028,,,
1820,угольный фильтр для самогона,2022-11-30 16:43:55.5330598,0,Самогон,1,1028,,,
1821,два самогона,2022-11-30 16:43:55.5330598,0,Самогон,1,1028,,,
1822,скорость самогона,2022-11-30 16:43:55.5330598,0,Самогон,1,1027,,,
1823,узел отбора самогона,2022-11-30 16:43:55.5330598,0,Самогон,1,1027,,,
386,калькулятор самогонщика онлайн вторая перегонка,2020-10-30 16:33:04.9755768,0,Калькулятор дробной перегонки спирта-сырца: (вторая перегонка),11,1026,163,163,1.48
1824,рецепт щепы на самогоне,2022-11-30 16:43:55.5330598,0,Самогон,1,1026,,,
1825,настойка на хрене на самогоне,2022-11-30 16:43:55.5330598,0,Самогон,1,1025,,,
1826,самогон из пшеницы без дрожжей в домашних,2022-11-30 16:43:55.5330598,0,Самогон,1,1025,,,
1827,лучший самогон купить,2022-11-30 16:43:55.5340591,0,Самогон,1,1018,,,
1828,сколько самогона получится из 20 литров,2022-11-30 16:43:55.5340591,0,Самогон,1,1017,,,
1829,самогон активированный уголь в таблетках,2022-11-30 16:43:55.5340591,0,Самогон,1,1016,,,
66,расчет самогона калькулятор,2020-10-30 16:36:51.8104563,0,Все,3,1015,39,32,1.09
1830,калина на самогоне в домашних,2022-11-30 16:43:55.5340591,0,Самогон,1,1015,,,
1831,кальвадос из самогона,2022-11-30 16:43:55.5340591,0,Самогон,1,1014,,,
1832,второй перегон самогона на колонне,2022-11-30 16:43:55.5350544,0,Самогон,1,1014,,,
1833,брожение браги для самогона,2022-11-30 16:44:20.908629,0,Самогон,1,1014,,,
1834,очистка самогона содой,2022-11-30 16:44:20.908629,0,Самогон,1,1011,,,
1835,самогон из сахара без запаха,2022-11-30 16:44:20.9096257,0,Самогон,1,1010,,,
1836,очистка самогона после второй,2022-11-30 16:44:20.9096257,0,Самогон,1,1008,,,
1837,чем очистить самогон от запаха в домашних,2022-11-30 16:44:20.9096257,0,Самогон,1,1008,,,
1838,сколько самогона из 10 литров,2022-11-30 16:44:20.9106238,0,Самогон,1,1008,,,
1839,очистка самогона после второго,2022-11-30 16:44:20.9106238,0,Самогон,1,1008,,,
1840,брага для самогона рецепт на 20 литров,2022-11-30 16:44:20.9106238,0,Самогон,1,1006,,,
1841,самогон из меда в домашних,2022-11-30 16:44:20.9106238,0,Самогон,1,1005,,,
1842,пары самогона,2022-11-30 16:44:20.9106238,0,Самогон,1,1003,,,
1843,самогон пар,2022-11-30 16:44:20.9116199,0,Самогон,1,1003,,,
1844,калькулятор разбавления самогона для второй,2022-11-30 16:44:20.9116199,0,Самогон,1,1003,,,
1845,вкусы самогона в домашних условиях,2022-11-30 16:44:20.9126178,0,Самогон,1,1001,,,
1846,самогон из сахара без дрожжей запаха,2022-11-30 16:44:20.9126178,0,Самогон,1,1001,,,
1847,качественно очистить самогон,2022-11-30 16:44:20.91561,0,Самогон,1,1001,,,
1848,самогон рейтинг,2022-11-30 16:44:20.9186016,0,Самогон,1,999,,,
1849,интернет самогон купить,2022-11-30 16:44:20.9195987,0,Самогон,1,999,,,
1850,приготовление дрожжей для самогона,2022-11-30 16:44:20.9205983,0,Самогон,1,998,,,
1851,приготовление самогона из сахара,2022-11-30 16:44:20.9215972,0,Самогон,1,995,,,
1852,чем полезен самогон,2022-11-30 16:44:20.9225921,0,Самогон,1,989,,,
1853,сколько декстрозы на 1 литр самогона,2022-11-30 16:44:20.9225921,0,Самогон,1,987,,,
1854,калькулятор разбавления самогона для второй перегонки,2022-11-30 16:44:20.923589,0,Самогон,1,985,,,
1855,кедровые орехи самогон сколько,2022-11-30 16:44:20.923589,0,Самогон,1,984,,,
1856,самогон русская дымка,2022-11-30 16:44:20.9245862,0,Самогон,1,983,,,
1857,ром из самогона,2022-11-30 16:44:20.9245862,0,Самогон,1,983,,,
1858,отобрать головы при второй перегонке самогона,2022-11-30 16:44:20.9255832,0,Самогон,1,981,,,
1859,настой самогона на лимоне,2022-11-30 16:44:20.9255832,0,Самогон,1,981,,,
1860,банки для самогона,2022-11-30 16:44:20.9255832,0,Самогон,1,981,,,
1861,самогон на черносливе рецепт на 3,2022-11-30 16:44:20.9265808,0,Самогон,1,980,,,
1862,самогон из винограда простой рецепт,2022-11-30 16:44:20.9265808,0,Самогон,1,978,,,
1863,очистить самогон быстро и качественно,2022-11-30 16:44:20.9275774,0,Самогон,1,976,,,
1864,сахарная брага для самогона рецепт,2022-11-30 16:44:20.9275774,0,Самогон,1,975,,,
1865,дрожжи для самогона из винограда,2022-11-30 16:44:20.9285833,0,Самогон,1,973,,,
1866,лимонная настойка на самогоне,2022-11-30 16:44:20.9295726,0,Самогон,1,972,,,
1867,хреновуха на самогоне в домашних условиях,2022-11-30 16:44:20.9305692,0,Самогон,1,969,,,
1868,самогон из домашнего вина,2022-11-30 16:44:20.9305692,0,Самогон,1,968,,,
1869,очистка самогона маслом,2022-11-30 16:44:20.9315677,0,Самогон,1,968,,,
1870,варка самогона,2022-11-30 16:44:20.9325667,0,Самогон,1,968,,,
1871,самогон на кураге,2022-11-30 16:44:20.9325667,0,Самогон,1,967,,,
1872,калина на самогоне в домашних условиях,2022-11-30 16:44:20.9335933,0,Самогон,1,967,,,
1873,бобровая струя на самогоне,2022-11-30 16:44:20.9335933,0,Самогон,1,966,,,
1874,самогон здоровье,2022-11-30 16:44:20.9345602,0,Самогон,1,966,,,
1875,самогон 45 градусов,2022-11-30 16:44:20.9365543,0,Самогон,1,966,,,
1876,сколько сахара нужно для браги на самогон,2022-11-30 16:44:20.9385482,0,Самогон,1,965,,,
1877,как очистить самогон молоком,2022-11-30 16:44:20.9395583,0,Самогон,1,964,,,
1878,быстрая настойка на самогоне,2022-11-30 16:44:20.9445325,0,Самогон,1,964,,,
1879,как убрать запах самогона в домашних условиях,2022-11-30 16:44:20.9455294,0,Самогон,1,964,,,
1880,самогонщика для разбавления самогона водой,2022-11-30 16:44:20.9455294,0,Самогон,1,963,,,
1881,самогон выветривается,2022-11-30 16:44:20.9465274,0,Самогон,1,963,,,
1882,зеленый самогон,2022-11-30 16:44:20.9465274,0,Самогон,1,963,,,
1883,очистка самогона углем в домашних условиях кокосовым,2022-11-30 16:44:44.6207762,0,Самогон,1,962,,,
3,калькулятор самогонщика бесплатно,2020-10-30 16:33:04.9755768,0,Все,3,961,10,7,1.02
243,онлайн калькулятор разбавления спирта,2020-10-30 16:39:24.8359287,0,калькулятор разбавления самогона водой,5,961,87,66,1.21
1884,брага для самогона без дрожжей рецепт,2022-11-30 16:44:44.6217645,0,Самогон,1,961,,,
1885,как развести самогон до 40,2022-11-30 16:44:44.6217645,0,Самогон,1,959,,,
1886,сколько кокосового угля на литр самогона,2022-11-30 16:44:44.6217645,0,Самогон,1,959,,,
181,калькулятор разбавления самогона водой после второй перегонки,2020-10-30 16:36:51.8104563,0,калькулятор разбавления самогона водой,5,958,7,7,1.02
1887,сколько бродит самогон,2022-11-30 16:44:44.6217645,0,Самогон,1,958,,,
1888,сколько сахара надо на самогон,2022-11-30 16:44:44.6227606,0,Самогон,1,955,,,
1889,клюквенная настойка на самогоне,2022-11-30 16:44:44.6227606,0,Самогон,1,955,,,
1890,как правильно разводить самогон,2022-11-30 16:44:44.6227606,0,Самогон,1,955,,,
1891,дубовые чипсы для самогона,2022-11-30 16:44:44.6227606,0,Самогон,1,955,,,
1892,смотреть самогон,2022-11-30 16:44:44.6227606,0,Самогон,1,954,,,
1893,перцовка из самогона в домашних,2022-11-30 16:44:44.6227606,0,Самогон,1,954,,,
1894,самогон 50 градусов,2022-11-30 16:44:44.6227606,0,Самогон,1,953,,,
1895,настойка на клюкве на самогоне рецепт,2022-11-30 16:44:44.6237579,0,Самогон,1,953,,,
1896,вишневая настойка на самогоне,2022-11-30 16:44:44.6237579,0,Самогон,1,953,,,
1897,рецепты самогона без запаха из сахара,2022-11-30 16:44:44.6237579,0,Самогон,1,951,,,
1898,самогон без сахара без дрожжей домашних,2022-11-30 16:44:44.6237579,0,Самогон,1,950,,,
1899,настойка на черносливе на самогоне рецепт,2022-11-30 16:44:44.6237579,0,Самогон,1,949,,,
1900,температура второй перегонки самогона,2022-11-30 16:44:44.6237579,0,Самогон,1,948,,,
1901,как перегнать самогон в домашних условиях,2022-11-30 16:44:44.6237579,0,Самогон,1,947,,,
1902,чистый самогон,2022-11-30 16:44:44.6237579,0,Самогон,1,947,,,
1903,как сделать домашний коньяк из самогона рецепты,2022-11-30 16:44:44.6237579,0,Самогон,1,946,,,
1904,можно ли разбавлять самогон,2022-11-30 16:44:44.6247599,0,Самогон,1,946,,,
1905,условия второй перегонки самогона,2022-11-30 16:44:44.6247599,0,Самогон,1,945,,,
1906,градус домашнего самогона,2022-11-30 16:44:44.6247599,0,Самогон,1,945,,,
1907,как правильно гнать аппаратом самогон,2022-11-30 16:44:44.6247599,0,Самогон,1,945,,,
1908,рецепт самогона на 40 литров,2022-11-30 16:44:44.6247599,0,Самогон,1,944,,,
1909,купить самогон недорого,2022-11-30 16:44:44.6247599,0,Самогон,1,944,,,
1910,рецепт приготовления браги для самогона,2022-11-30 16:44:44.6247599,0,Самогон,1,943,,,
1911,напитки из самогона в домашних,2022-11-30 16:44:44.6267493,0,Самогон,1,943,,,
1912,пробки для самогона,2022-11-30 16:44:44.628766,0,Самогон,1,941,,,
1913,сколько нужно сахара на литр самогона,2022-11-30 16:44:44.629742,0,Самогон,1,941,,,
1914,дубовые кубики для самогона,2022-11-30 16:44:44.629742,0,Самогон,1,940,,,
1915,вторая перегонка самогона до скольки градусов,2022-11-30 16:44:44.63074,0,Самогон,1,939,,,
1916,как быстро очистить самогон от сивушных,2022-11-30 16:44:44.63074,0,Самогон,1,938,,,
1917,таблица разбавить самогон калькулятор,2022-11-30 16:44:44.6317383,0,Самогон,1,938,,,
1918,вторая перегонка самогона в домашних условиях,2022-11-30 16:44:44.6317383,0,Самогон,1,937,,,
1919,домашний коньяк из самогона на дубовой,2022-11-30 16:44:44.6327486,0,Самогон,1,937,,,
1920,калькулятор разбавления самогона водой для второй перегонки,2022-11-30 16:44:44.6327486,0,Самогон,1,936,,,
1921,настой самогона на щепе,2022-11-30 16:44:44.6337319,0,Самогон,1,936,,,
1922,настойка из калины на самогоне,2022-11-30 16:44:44.6337319,0,Самогон,1,934,,,
1923,сколько самогона получится из 20 литров браги,2022-11-30 16:44:44.6337319,0,Самогон,1,934,,,
1924,как сделать виски из самогона,2022-11-30 16:44:44.6347303,0,Самогон,1,933,,,
1925,интернет магазин самогон купить,2022-11-30 16:44:44.6347303,0,Самогон,1,933,,,
1926,самогон из варенья пропорции,2022-11-30 16:44:44.6357263,0,Самогон,1,933,,,
1927,настойка на имбире на самогоне,2022-11-30 16:44:44.6357263,0,Самогон,1,932,,,
1928,зависимость от самогона,2022-11-30 16:44:44.6357263,0,Самогон,1,931,,,
1929,сколько щепы на литр самогона,2022-11-30 16:44:44.6367229,0,Самогон,1,931,,,
1930,1 перегонка самогона,2022-11-30 16:44:44.6367229,0,Самогон,1,930,,,
1931,абсент из самогона,2022-11-30 16:44:44.6367229,0,Самогон,1,930,,,
1932,очистка самогона после второй перегонки,2022-11-30 16:44:44.63772,0,Самогон,1,930,,,
1933,сколько стоит литр самогона,2022-11-30 16:45:07.1981121,0,Самогон,1,929,,,
1934,пропорция самогона и воды,2022-11-30 16:45:07.1981121,0,Самогон,1,928,,,
1935,вторая перегонка самогона с сухопарником,2022-11-30 16:45:07.1991101,0,Самогон,1,928,,,
328,калькулятор голов и хвостов самогонщика,2020-10-30 16:33:04.9755768,0,калькулятор самогонщика отбор голов,6,927,252,217,1.7
1936,этикетки на самогон прикольные,2022-11-30 16:45:07.1991101,0,Самогон,1,927,,,
1937,самогон первая перегонка браги,2022-11-30 16:45:07.1991101,0,Самогон,1,927,,,
1938,самогон на боярышнике рецепт,2022-11-30 16:45:07.1991101,0,Самогон,1,925,,,
1939,коньяк из самогона с черносливом,2022-11-30 16:45:07.1991101,0,Самогон,1,925,,,
678,калькулятор расчета спирта,2020-10-30 16:39:24.8359287,0,калькулятор абсолютного спирта,19,924,18,16,1.05
1940,самогон сколько дрожжей на кг,2022-11-30 16:45:07.1991101,0,Самогон,1,924,,,
1941,перцовка из самогона в домашних условиях,2022-11-30 16:45:07.1991101,0,Самогон,1,924,,,
1942,самогон из меда в домашних условиях,2022-11-30 16:45:07.2001075,0,Самогон,1,922,,,
1943,полезные настойки на самогоне,2022-11-30 16:45:07.2001075,0,Самогон,1,921,,,
1944,настойка на облепихе на самогоне,2022-11-30 16:45:07.2001075,0,Самогон,1,920,,,
1945,сколько класть в самогон,2022-11-30 16:45:07.2001075,0,Самогон,1,919,,,
1946,как разбавить самогон до 40 калькулятор,2022-11-30 16:45:07.2001075,0,Самогон,1,919,,,
1947,самогон химия,2022-11-30 16:45:07.2001075,0,Самогон,1,919,,,
1948,приготовить самогон из сахара,2022-11-30 16:45:07.2001075,0,Самогон,1,919,,,
1949,настойка на черной смородине на самогоне,2022-11-30 16:45:07.2001075,0,Самогон,1,917,,,
1950,как качественно очистить самогон в домашних условиях,2022-11-30 16:45:07.2011044,0,Самогон,1,917,,,
1951,смородина самогон рецепт,2022-11-30 16:45:07.2011044,0,Самогон,1,915,,,
1952,температура перегона самогона,2022-11-30 16:45:07.2011044,0,Самогон,1,914,,,
1953,получение браги для самогона,2022-11-30 16:45:07.2011044,0,Самогон,1,914,,,
1954,самогон из сливы,2022-11-30 16:45:07.2011044,0,Самогон,1,913,,,
1955,рецепты самогон на воде,2022-11-30 16:45:07.2011044,0,Самогон,1,913,,,
1956,самогон классический из сахара,2022-11-30 16:45:07.2011044,0,Самогон,1,913,,,
1957,яблочный самогон рецепт,2022-11-30 16:45:07.2011044,0,Самогон,1,911,,,
1958,до скольки градусов гоним самогон,2022-11-30 16:45:07.2021015,0,Самогон,1,909,,,
1959,первая очистка самогона углем,2022-11-30 16:45:07.2021015,0,Самогон,1,909,,,
1960,до скольки градусов гнать самогон,2022-11-30 16:45:07.2021015,0,Самогон,1,909,,,
1961,правильный градус самогона,2022-11-30 16:45:07.2021015,0,Самогон,1,908,,,
1962,самогон медный,2022-11-30 16:45:07.2021015,0,Самогон,1,907,,,
1963,как правильно настаивать самогон,2022-11-30 16:45:07.2021015,0,Самогон,1,907,,,
1964,самогон на можжевельнике,2022-11-30 16:45:07.2021015,0,Самогон,1,906,,,
1965,очистка углем самогона после первой,2022-11-30 16:45:07.2021015,0,Самогон,1,903,,,
1966,2 литра самогона,2022-11-30 16:45:07.2021015,0,Самогон,1,898,,,
1967,самогон на дубовой щепе рецепт,2022-11-30 16:45:07.2030987,0,Самогон,1,898,,,
1968,напитки из самогона в домашних условиях,2022-11-30 16:45:07.2030987,0,Самогон,1,896,,,
1969,рецепт самогона на 10 литров,2022-11-30 16:45:07.2030987,0,Самогон,1,895,,,
1970,рецепты настоя самогона,2022-11-30 16:45:07.2030987,0,Самогон,1,895,,,
1971,настоять самогон на щепе,2022-11-30 16:45:07.2030987,0,Самогон,1,894,,,
1972,самогон под коньяк,2022-11-30 16:45:07.2030987,0,Самогон,1,894,,,
1973,самогон 20 градусов,2022-11-30 16:45:07.2030987,0,Самогон,1,893,,,
1974,бочонок для самогона,2022-11-30 16:45:07.204097,0,Самогон,1,892,,,
1975,настойка на айве на самогоне,2022-11-30 16:45:07.204097,0,Самогон,1,892,,,
1976,самогон сколько дрожжей на кг сахара,2022-11-30 16:45:07.204097,0,Самогон,1,891,,,
1977,рецепт получения самогона,2022-11-30 16:45:07.204097,0,Самогон,1,889,,,
1978,вторая перегонка самогона с дефлегматором,2022-11-30 16:45:07.204097,0,Самогон,1,888,,,
1979,глюкоза в самогон сколько,2022-11-30 16:45:07.204097,0,Самогон,1,887,,,
1980,косогоров самогон,2022-11-30 16:45:07.204097,0,Самогон,1,886,,,
1981,привкус самогона,2022-11-30 16:45:07.204097,0,Самогон,1,885,,,
1982,как разбавить самогон водой таблица калькулятор,2022-11-30 16:45:07.204097,0,Самогон,1,884,,,
1983,самогон 12,2022-11-30 16:45:28.6345232,0,Самогон,1,884,,,
1984,самогон мутнеет при разбавлении,2022-11-30 16:45:28.6355195,0,Самогон,1,882,,,
135,калькулятор самогонщика онлайн расчет воды,2020-10-30 16:33:04.9755768,0,калькулятор разбавления самогона водой,5,881,1,1,1.0
1985,настойка рябины на самогоне в домашних,2022-11-30 16:45:28.6365168,0,Самогон,1,881,,,
1986,как готовить самогон,2022-11-30 16:45:28.6365168,0,Самогон,1,881,,,
1987,рецепт домашнего джина из самогона,2022-11-30 16:45:28.637515,0,Самогон,1,880,,,
1988,сколько стоят дрожжи для самогона,2022-11-30 16:45:28.637515,0,Самогон,1,880,,,
136,калькулятор самогонщика онлайн расчет разбавить водой,2020-10-30 16:33:04.9755768,0,калькулятор разбавления самогона водой,5,879,31,31,1.11
1989,что нужно для самогона,2022-11-30 16:45:28.637515,0,Самогон,1,877,,,
1990,дубовый коньяк из самогона рецепты,2022-11-30 16:45:28.637515,0,Самогон,1,877,,,
1991,наливки на самогоне в домашних условиях,2022-11-30 16:45:28.637515,0,Самогон,1,876,,,
1992,настойка самогона рецепты на 3 литра,2022-11-30 16:45:28.637515,0,Самогон,1,876,,,
1993,самогон после первого перегона,2022-11-30 16:45:28.637515,0,Самогон,1,875,,,
1994,как приготовить коньяк из самогона,2022-11-30 16:45:28.637515,0,Самогон,1,875,,,
1995,самогон на кедровых орешках сколько,2022-11-30 16:45:28.637515,0,Самогон,1,874,,,
1996,приготовление самогона из сахара и дрожжей,2022-11-30 16:45:28.637515,0,Самогон,1,873,,,
1997,чистка самогона,2022-11-30 16:45:28.637515,0,Самогон,1,873,,,
1998,ставим самогон на сахаре,2022-11-30 16:45:28.6385124,0,Самогон,1,872,,,
1999,сколько нужно воды для самогона,2022-11-30 16:45:28.6385124,0,Самогон,1,871,,,
2000,самогон хобби,2022-11-30 16:45:28.6385124,0,Самогон,1,870,,,
2001,сколько воды надо самогон,2022-11-30 16:45:28.6385124,0,Самогон,1,869,,,
2002,развести самогон водой калькулятор,2022-11-30 16:45:28.6385124,0,Самогон,1,867,,,
2003,сколько должен стоять самогон,2022-11-30 16:45:28.6385124,0,Самогон,1,864,,,
2004,перегон хвостов самогона,2022-11-30 16:45:28.6385124,0,Самогон,1,861,,,
2005,разбавление самогона для второй перегонки калькулятор самогонщика,2022-11-30 16:45:28.6385124,0,Самогон,1,860,,,
2006,очистка самогона от сивушных,2022-11-30 16:45:28.6385124,0,Самогон,1,856,,,
2007,какой сахар лучше для самогона,2022-11-30 16:45:28.6385124,0,Самогон,1,856,,,
2008,как очистить самогон после угля,2022-11-30 16:45:28.6385124,0,Самогон,1,855,,,
2009,самогон из груш,2022-11-30 16:45:28.6385124,0,Самогон,1,853,,,
2010,сурский самогон,2022-11-30 16:45:28.639511,0,Самогон,1,852,,,
2011,какие дрожжи для самогона из сахара,2022-11-30 16:45:28.639511,0,Самогон,1,852,,,
2012,самогон казань,2022-11-30 16:45:28.639511,0,Самогон,1,852,,,
2013,глюкозы на литр самогона,2022-11-30 16:45:28.639511,0,Самогон,1,851,,,
2014,очистка самогона после первой перегонки углем,2022-11-30 16:45:28.639511,0,Самогон,1,851,,,
244,калькулятор разбавления спирта водой онлайн,2020-10-30 16:39:24.8369254,0,калькулятор разбавления самогона водой,5,850,445,378,2.33
2015,самогон из лимонов,2022-11-30 16:45:28.639511,0,Самогон,1,850,,,
2016,сколько разбавлять самогон,2022-11-30 16:45:28.639511,0,Самогон,1,848,,,
2017,сосновый самогон,2022-11-30 16:45:28.639511,0,Самогон,1,847,,,
2018,рецепт бражки для самогона,2022-11-30 16:45:28.639511,0,Самогон,1,845,,,
2019,самогон спирт сырец,2022-11-30 16:45:28.639511,0,Самогон,1,845,,,
2020,гоним самогон с сухопарником,2022-11-30 16:45:28.639511,0,Самогон,1,845,,,
2021,очистить первую перегонку самогона,2022-11-30 16:45:28.639511,0,Самогон,1,845,,,
2022,жрет самогон,2022-11-30 16:45:28.639511,0,Самогон,1,844,,,
2023,сколько выветривается самогон,2022-11-30 16:45:28.639511,0,Самогон,1,844,,,
2024,бутылки для самогона с пробкой,2022-11-30 16:45:28.639511,0,Самогон,1,843,,,
2025,брага для самогона рецепт на 10,2022-11-30 16:45:28.639511,0,Самогон,1,842,,,
2026,дробная перегонка самогона,2022-11-30 16:45:28.6405073,0,Самогон,1,842,,,
2027,как правильно очищать самогон углем,2022-11-30 16:45:28.6405073,0,Самогон,1,841,,,
2028,смягчение самогона сахаром,2022-11-30 16:45:28.6405073,0,Самогон,1,841,,,
2029,настоять самогон на перегородках,2022-11-30 16:45:28.6405073,0,Самогон,1,841,,,
2030,как сделать самогон из винограда,2022-11-30 16:45:28.6405073,0,Самогон,1,840,,,
2031,новый самогон,2022-11-30 16:45:28.6405073,0,Самогон,1,840,,,
2032,дон самогон в краснодаре,2022-11-30 16:45:28.6405073,0,Самогон,1,840,,,
2033,самогон простой рецепт пошаговый,2022-11-30 16:45:50.3546732,0,Самогон,1,840,,,
2034,производители самогона,2022-11-30 16:45:50.3556732,0,Самогон,1,839,,,
2035,сколько самогона отбирать при перегонке,2022-11-30 16:45:50.3556732,0,Самогон,1,838,,,
2036,как сделать брагу для самогона из сахара,2022-11-30 16:45:50.3566809,0,Самогон,1,838,,,
2037,до скольки градусов разбавлять самогон,2022-11-30 16:45:50.3576793,0,Самогон,1,838,,,
2038,правильный самогон из сахара и дрожжей,2022-11-30 16:45:50.3576793,0,Самогон,1,837,,,
2039,калькулятор самогонщика разбавление самогона водой для второй,2022-11-30 16:45:50.3586683,0,Самогон,1,837,,,
182,разбавить самогон водой калькулятор онлайн,2020-10-30 16:36:51.8104563,0,калькулятор разбавления самогона водой,5,836,123,123,1.44
2040,как разбавить самогон до 40 градусов калькулятор,2022-11-30 16:45:50.3586683,0,Самогон,1,835,,,
2041,килограмм сахара сколько самогона,2022-11-30 16:45:50.3586683,0,Самогон,1,835,,,
2042,самогон для начинающих,2022-11-30 16:45:50.3586683,0,Самогон,1,835,,,
2043,как поставить самогон во фляге,2022-11-30 16:45:50.3586683,0,Самогон,1,834,,,
2044,трехлитровая банка самогона,2022-11-30 16:45:50.3586683,0,Самогон,1,834,,,
2045,самогон на рябине красной,2022-11-30 16:45:50.3596613,0,Самогон,1,834,,,
2046,настойка на самогоне самая вкусная,2022-11-30 16:45:50.3596613,0,Самогон,1,833,,,
2047,сколько должно получиться самогона,2022-11-30 16:45:50.3596613,0,Самогон,1,831,,,
2048,соотношение самогоне,2022-11-30 16:45:50.3596613,0,Самогон,1,831,,,
2049,мягкость самогона,2022-11-30 16:45:50.3596613,0,Самогон,1,830,,,
2050,дрожжи для приготовления браги для самогона,2022-11-30 16:45:50.3596613,0,Самогон,1,830,,,
2051,щепа для самогона купить,2022-11-30 16:45:50.3596613,0,Самогон,1,829,,,
2052,самогон ростов,2022-11-30 16:45:50.3596613,0,Самогон,1,829,,,
2053,настойка на кедровых орехах на самогоне,2022-11-30 16:45:50.3596613,0,Самогон,1,828,,,
2054,лечение самогоном,2022-11-30 16:45:50.3596613,0,Самогон,1,828,,,
2055,настойка рябины на самогоне в домашних условиях,2022-11-30 16:45:50.3596613,0,Самогон,1,827,,,
2056,перед второй перегонкой самогона,2022-11-30 16:45:50.3596613,0,Самогон,1,827,,,
2057,подмор на самогоне,2022-11-30 16:45:50.3606579,0,Самогон,1,827,,,
2058,простые настойки на самогоне,2022-11-30 16:45:50.3606579,0,Самогон,1,826,,,
2059,дубовая бочка для самогона goods woods,2022-11-30 16:45:50.3606579,0,Самогон,1,826,,,
2060,зубровка на самогоне,2022-11-30 16:45:50.3606579,0,Самогон,1,825,,,
2061,как разбавить самогон водой до 40 калькулятор,2022-11-30 16:45:50.3606579,0,Самогон,1,825,,,
2062,настой самогона на перегородках грецкого,2022-11-30 16:45:50.3606579,0,Самогон,1,824,,,
2063,самогон на шиповнике рецепт,2022-11-30 16:45:50.3606579,0,Самогон,1,824,,,
2064,настойка шишек на самогоне,2022-11-30 16:45:50.3606579,0,Самогон,1,824,,,
2065,настойка на мандаринах на самогоне,2022-11-30 16:45:50.3606579,0,Самогон,1,823,,,
2066,очистка самогона от сивушных масел,2022-11-30 16:45:50.3606579,0,Самогон,1,823,,,
2067,мандариновая настойка на самогоне,2022-11-30 16:45:50.3606579,0,Самогон,1,823,,,
2068,самогон без проращивания,2022-11-30 16:45:50.3606579,0,Самогон,1,823,,,
2069,сода в самогон,2022-11-30 16:45:50.3616558,0,Самогон,1,823,,,
2070,самогон сколько сахара и воды,2022-11-30 16:45:50.3616558,0,Самогон,1,823,,,
2071,лучшие дрожжи для самогона из сахара,2022-11-30 16:45:50.3626527,0,Самогон,1,822,,,
2072,гоним самогон из браги,2022-11-30 16:45:50.3626527,0,Самогон,1,822,,,
2073,расчет самогона калькулятор,2022-11-30 16:45:50.3626527,0,Самогон,1,822,,,
2074,самогон 8,2022-11-30 16:45:50.3626527,0,Самогон,1,821,,,
2075,самогон из зерна,2022-11-30 16:45:50.3626527,0,Самогон,1,820,,,
2076,как сделать вторую перегонку самогона,2022-11-30 16:45:50.3636497,0,Самогон,1,820,,,
2077,перегон самогона с сухопарником,2022-11-30 16:45:50.3636497,0,Самогон,1,820,,,
2078,настойка прополиса домашних на самогоне,2022-11-30 16:45:50.3636497,0,Самогон,1,820,,,
2079,рецепт браги для самогона 10 литров,2022-11-30 16:45:50.3656446,0,Самогон,1,819,,,
2080,анисовый самогон,2022-11-30 16:45:50.3666425,0,Самогон,1,819,,,
2081,какая вода для самогона,2022-11-30 16:45:50.3676383,0,Самогон,1,819,,,
2082,как правильно делать самогон,2022-11-30 16:45:50.3676383,0,Самогон,1,818,,,
2083,рецепт наливки на самогоне,2022-11-30 16:46:12.2132485,0,Самогон,1,818,,,
2084,слушать песню самогон,2022-11-30 16:46:12.2142449,0,Самогон,1,817,,,
2085,напитки из самогона рецепты,2022-11-30 16:46:12.2142449,0,Самогон,1,816,,,
2086,на чем лучше настоять самогон,2022-11-30 16:46:12.2142449,0,Самогон,1,816,,,
2087,самогон валберис,2022-11-30 16:46:12.2142449,0,Самогон,1,815,,,
2088,брага из варенья для самогона пропорции,2022-11-30 16:46:12.2142449,0,Самогон,1,814,,,
2089,брага из меда для самогона,2022-11-30 16:46:12.2142449,0,Самогон,1,814,,,
137,калькулятор самогонщика разбавить самогон,2020-10-30 16:33:04.9765734,0,калькулятор разбавления самогона водой,5,813,10,10,1.04
2090,что добавить в самогон чтобы отбить запах,2022-11-30 16:46:12.2152421,0,Самогон,1,813,,,
2091,домашний коньяк из самогона с черносливом,2022-11-30 16:46:12.2152421,0,Самогон,1,813,,,
2092,зачем в самогон,2022-11-30 16:46:12.2152421,0,Самогон,1,810,,,
2093,брага на самогон во фляге,2022-11-30 16:46:12.2152421,0,Самогон,1,809,,,
2094,домашние дрожжи для самогона рецепт,2022-11-30 16:46:12.2152421,0,Самогон,1,809,,,
2095,калькулятор самогона алкофан,2022-11-30 16:46:12.2152421,0,Самогон,1,809,,,
2096,как гнать самогон на аппарате,2022-11-30 16:46:12.2152421,0,Самогон,1,808,,,
2097,как проверить самогон,2022-11-30 16:46:12.2152421,0,Самогон,1,808,,,
2098,самогон из сахара и дрожжей классический,2022-11-30 16:46:12.2152421,0,Самогон,1,807,,,
2099,сколько добавить воды в самогон,2022-11-30 16:46:12.2152421,0,Самогон,1,807,,,
2100,второй перегон самогона градусы,2022-11-30 16:46:12.2152421,0,Самогон,1,807,,,
2101,сделать настойку из самогона в домашних условиях,2022-11-30 16:46:12.2152421,0,Самогон,1,806,,,
2102,самогон на кодзи рецепты,2022-11-30 16:46:12.2152421,0,Самогон,1,806,,,
2103,домашнее изготовление самогона,2022-11-30 16:46:12.2152421,0,Самогон,1,805,,,
2104,солодовый самогон,2022-11-30 16:46:12.2152421,0,Самогон,1,805,,,
2105,сколько голов отбирать при перегонке самогона,2022-11-30 16:46:12.2162393,0,Самогон,1,805,,,
2106,самодельный самогон,2022-11-30 16:46:12.2162393,0,Самогон,1,804,,,
2107,самогон на малине,2022-11-30 16:46:12.2162393,0,Самогон,1,804,,,
2108,настойка калины на самогоне в домашних условиях,2022-11-30 16:46:12.2162393,0,Самогон,1,803,,,
2109,самогон на кофе,2022-11-30 16:46:12.2162393,0,Самогон,1,802,,,
2110,самогон на дубовой коре рецепт,2022-11-30 16:46:12.2162393,0,Самогон,1,802,,,
2111,фильтр для самогона купить,2022-11-30 16:46:12.2162393,0,Самогон,1,801,,,
2112,как перегнать самогон второй раз правильно,2022-11-30 16:46:12.2162393,0,Самогон,1,800,,,
2113,настой самогона на яблоках,2022-11-30 16:46:12.2162393,0,Самогон,1,800,,,
2114,кофейный самогон,2022-11-30 16:46:12.2162393,0,Самогон,1,799,,,
2115,рецепт самогона на флягу,2022-11-30 16:46:12.2162393,0,Самогон,1,799,,,
2116,самогон из картофеля,2022-11-30 16:46:12.2162393,0,Самогон,1,799,,,
2117,белорусский самогон,2022-11-30 16:46:12.2162393,0,Самогон,1,797,,,
2118,спиртометр для самогона купить,2022-11-30 16:46:12.2162393,0,Самогон,1,797,,,
2119,пробки для самогона купить,2022-11-30 16:46:12.2162393,0,Самогон,1,796,,,
2120,можно ли сделать самогон,2022-11-30 16:46:12.2162393,0,Самогон,1,796,,,
2121,брага для самогона сколько дней,2022-11-30 16:46:12.2172368,0,Самогон,1,796,,,
2122,перегон самогона с дефлегматором,2022-11-30 16:46:12.2172368,0,Самогон,1,796,,,
2123,вкусный настой самогона,2022-11-30 16:46:12.2172368,0,Самогон,1,795,,,
2124,сектор самогон,2022-11-30 16:46:12.2172368,0,Самогон,1,794,,,
2125,свежий самогон,2022-11-30 16:46:12.2172368,0,Самогон,1,794,,,
2126,бражка для самогона из сахара,2022-11-30 16:46:12.2172368,0,Самогон,1,793,,,
2127,как сделать самогон мягким,2022-11-30 16:46:12.2172368,0,Самогон,1,792,,,
2128,правильная брага для самогона из сахара,2022-11-30 16:46:12.2172368,0,Самогон,1,791,,,
2129,самогон первый раз,2022-11-30 16:46:12.2172368,0,Самогон,1,790,,,
2130,калькулятор второй перегонки самогона онлайн,2022-11-30 16:46:12.2172368,0,Самогон,1,789,,,
2131,брага под самогон,2022-11-30 16:46:12.2172368,0,Самогон,1,787,,,
2132,настойка на гранате на самогоне рецепт,2022-11-30 16:46:12.2172368,0,Самогон,1,785,,,
2133,настойка на апельсине на самогоне,2022-11-30 16:46:33.3873448,0,Самогон,1,784,,,
2134,сколько добавлять глюкозы в самогон,2022-11-30 16:46:33.3883498,0,Самогон,1,783,,,
2135,как сварить самогон,2022-11-30 16:46:33.3883498,0,Самогон,1,783,,,
2136,самогон из винограда изабелла,2022-11-30 16:46:33.3883498,0,Самогон,1,782,,,
2137,самогон мутнеет при разбавлении водой,2022-11-30 16:46:33.3883498,0,Самогон,1,782,,,
2138,брага для самогона на кодзи,2022-11-30 16:46:33.3883498,0,Самогон,1,782,,,
2139,самогон с соком,2022-11-30 16:46:33.3883498,0,Самогон,1,781,,,
2140,пропорция уголь самогон,2022-11-30 16:46:33.3893414,0,Самогон,1,781,,,
2141,таблица перегонки самогона,2022-11-30 16:46:33.3893414,0,Самогон,1,781,,,
2142,медовый самогон,2022-11-30 16:46:33.3893414,0,Самогон,1,779,,,
2143,дрожжи для сахарного самогона,2022-11-30 16:46:33.3893414,0,Самогон,1,779,,,
2144,как настоять самогон на кедровых орешках,2022-11-30 16:46:33.3903388,0,Самогон,1,778,,,
2145,самогон новосибирск,2022-11-30 16:46:33.391336,0,Самогон,1,778,,,
2146,самогон через аппарат,2022-11-30 16:46:33.391336,0,Самогон,1,778,,,
2147,как варить самогон в домашних,2022-11-30 16:46:33.391336,0,Самогон,1,778,,,
2148,классический самогон из сахара рецепт,2022-11-30 16:46:33.391336,0,Самогон,1,778,,,
2149,таблица самогонщика по разведению самогона,2022-11-30 16:46:33.391336,0,Самогон,1,777,,,
2150,сколько добавлять декстрозы на литр самогона,2022-11-30 16:46:33.3923327,0,Самогон,1,776,,,
2151,как сделать перегон самогона,2022-11-30 16:46:33.3923327,0,Самогон,1,776,,,
2152,самогоном ютуб,2022-11-30 16:46:33.3923327,0,Самогон,1,775,,,
2153,технология самогона,2022-11-30 16:46:33.3923327,0,Самогон,1,774,,,
2154,как быстро сделать самогон,2022-11-30 16:46:33.3923327,0,Самогон,1,774,,,
2155,сколько глюкозы для смягчения самогона,2022-11-30 16:46:33.3923327,0,Самогон,1,774,,,
2156,как выгнать домашний самогон,2022-11-30 16:46:33.3923327,0,Самогон,1,773,,,
2157,как поставить домашний самогон,2022-11-30 16:46:33.3923327,0,Самогон,1,773,,,
2158,виноградная брага для самогона,2022-11-30 16:46:33.3923327,0,Самогон,1,772,,,
2159,домашний абсент из самогона,2022-11-30 16:46:33.3933294,0,Самогон,1,772,,,
2160,бутылки для самогона с пробкой купить,2022-11-30 16:46:33.3933294,0,Самогон,1,771,,,
2161,бутылки под самогон,2022-11-30 16:46:33.3933294,0,Самогон,1,771,,,
2162,зерновой самогон рецепт,2022-11-30 16:46:33.3933294,0,Самогон,1,770,,,
2163,как разбавить самогон для второй,2022-11-30 16:46:33.3933294,0,Самогон,1,768,,,
2164,как разбавлять самогон для второго,2022-11-30 16:46:33.3933294,0,Самогон,1,768,,,
2165,правильный самогон видео,2022-11-30 16:46:33.3943278,0,Самогон,1,768,,,
2166,ядер самогон,2022-11-30 16:46:33.3943278,0,Самогон,1,767,,,
2167,настой самогона клюкве,2022-11-30 16:46:33.3943278,0,Самогон,1,767,,,
2168,самогон на сушеных яблоках,2022-11-30 16:46:33.3943278,0,Самогон,1,767,,,
2169,самогон на орешках в домашних условиях,2022-11-30 16:46:33.3943278,0,Самогон,1,766,,,
2170,рецепт самогона сахар дрожжи вода,2022-11-30 16:46:33.3943278,0,Самогон,1,766,,,
2171,сколько дрожжей на самогон из сахара,2022-11-30 16:46:33.3943278,0,Самогон,1,766,,,
2172,самогон на меду рецепт в домашних,2022-11-30 16:46:33.3943278,0,Самогон,1,764,,,
2173,самогон беларусь,2022-11-30 16:46:33.3943278,0,Самогон,1,763,,,
2174,самогон на 20 литров воды,2022-11-30 16:46:33.3953229,0,Самогон,1,763,,,
2175,третье перегонка самогона,2022-11-30 16:46:33.3953229,0,Самогон,1,763,,,
2176,третья перегонка самогона,2022-11-30 16:46:33.3953229,0,Самогон,1,763,,,
2177,сколько глюкозы на литр самогона,2022-11-30 16:46:33.3953229,0,Самогон,1,763,,,
2178,самогон время перегонки,2022-11-30 16:46:33.3953229,0,Самогон,1,762,,,
2179,сколько нужно браги на литр самогона,2022-11-30 16:46:33.3953229,0,Самогон,1,762,,,
2180,сектор газа самогон,2022-11-30 16:46:33.3953229,0,Самогон,1,761,,,
2181,как сделать двойной самогон,2022-11-30 16:46:33.3953229,0,Самогон,1,761,,,
2182,перегонка самогона колонной с дефлегматором,2022-11-30 16:46:33.3953229,0,Самогон,1,761,,,
2183,двойной самогон в домашних условиях,2022-11-30 16:46:58.5737706,0,Самогон,1,760,,,
2184,самогон 76,2022-11-30 16:46:58.5737706,0,Самогон,1,760,,,
2185,рецепт самогона из чернослива домашний,2022-11-30 16:46:58.5737706,0,Самогон,1,759,,,
2186,как получить самогон,2022-11-30 16:46:58.5737706,0,Самогон,1,758,,,
2187,видео перегонки самогона,2022-11-30 16:46:58.5737706,0,Самогон,1,758,,,
2188,настойка самогона на фейхоа рецепт,2022-11-30 16:46:58.5737706,0,Самогон,1,757,,,
2189,самогон через уголь,2022-11-30 16:46:58.5747684,0,Самогон,1,754,,,
2190,самогон колонна бражная,2022-11-30 16:46:58.5747684,0,Самогон,1,754,,,
2191,самогон на кедровых скорлупках,2022-11-30 16:46:58.5747684,0,Самогон,1,753,,,
2192,самогон рецепт из сахара 20 литров,2022-11-30 16:46:58.5747684,0,Самогон,1,753,,,
2193,самогон сколько сахара на литр воды,2022-11-30 16:46:58.5747684,0,Самогон,1,753,,,
2194,наливка из самогона в домашних,2022-11-30 16:46:58.5747684,0,Самогон,1,752,,,
2195,простой рецепт настойки самогона,2022-11-30 16:46:58.5747684,0,Самогон,1,751,,,
2196,развести самогон таблица,2022-11-30 16:46:58.5747684,0,Самогон,1,750,,,
2197,самогон 7,2022-11-30 16:46:58.5747684,0,Самогон,1,750,,,
2198,как правильно выгнать самогон,2022-11-30 16:46:58.5747684,0,Самогон,1,749,,,
2199,бочки для самогона из дуба,2022-11-30 16:46:58.5747684,0,Самогон,1,749,,,
2200,самогон брага без сахара,2022-11-30 16:46:58.5747684,0,Самогон,1,748,,,
2201,сколько самогона получится из 10,2022-11-30 16:46:58.5747684,0,Самогон,1,748,,,
2202,можно ли хранить самогон,2022-11-30 16:46:58.5757699,0,Самогон,1,747,,,
2203,самогон на мяте,2022-11-30 16:46:58.5757699,0,Самогон,1,746,,,
2204,хранение самогона,2022-11-30 16:46:58.5757699,0,Самогон,1,746,,,
2205,скачать самогон налью,2022-11-30 16:46:58.5757699,0,Самогон,1,745,,,
2206,самогон для организма,2022-11-30 16:46:58.5757699,0,Самогон,1,745,,,
2207,дубовая щепа на литр самогона,2022-11-30 16:46:58.5757699,0,Самогон,1,744,,,
2208,самогон режим,2022-11-30 16:46:58.5767606,0,Самогон,1,744,,,
2209,марганец самогон,2022-11-30 16:46:58.5767606,0,Самогон,1,743,,,
2210,самогон на прополисе рецепт,2022-11-30 16:46:58.5767606,0,Самогон,1,743,,,
2211,самогон сладкий,2022-11-30 16:46:58.5767606,0,Самогон,1,742,,,
2212,рецепт черноплодной настойки на самогоне,2022-11-30 16:46:58.5767606,0,Самогон,1,742,,,
2213,настойка прополиса в домашних условиях на самогоне,2022-11-30 16:46:58.5767606,0,Самогон,1,742,,,
2214,настой самогон на дубовой щепе,2022-11-30 16:46:58.5767606,0,Самогон,1,742,,,
2215,самогон на мандариновых корках,2022-11-30 16:46:58.5767606,0,Самогон,1,741,,,
2216,настойка на черноплодной рябине на самогоне рецепт,2022-11-30 16:46:58.5767606,0,Самогон,1,740,,,
2217,сколько сахара добавлять в самогон,2022-11-30 16:46:58.5767606,0,Самогон,1,740,,,
2218,как правильно поставить брагу на самогон,2022-11-30 16:46:58.5767606,0,Самогон,1,740,,,
2219,сколько самогона из 10 литров браги,2022-11-30 16:46:58.5767606,0,Самогон,1,739,,,
2220,декстроза для самогона пропорции,2022-11-30 16:46:58.5767606,0,Самогон,1,738,,,
2221,как ставить брагу для самогона из сахара,2022-11-30 16:46:58.5767606,0,Самогон,1,737,,,
2222,что можно добавить в самогон,2022-11-30 16:46:58.5767606,0,Самогон,1,737,,,
2223,как развести самогон до 40 градусов,2022-11-30 16:46:58.5767606,0,Самогон,1,735,,,
2224,самогон вкус коньяка,2022-11-30 16:46:58.5777573,0,Самогон,1,735,,,
2225,виноградный самогон рецепты,2022-11-30 16:46:58.5777573,0,Самогон,1,735,,,
2226,как варить самогон в домашних условиях,2022-11-30 16:46:58.5777573,0,Самогон,1,735,,,
2227,самогон таганрог,2022-11-30 16:46:58.5777573,0,Самогон,1,734,,,
2228,пропорция сахара и воды для самогона,2022-11-30 16:46:58.5777573,0,Самогон,1,734,,,
2229,лечебный самогон,2022-11-30 16:46:58.5777573,0,Самогон,1,734,,,
2230,бражка для самогона из сахара и дрожжей,2022-11-30 16:46:58.5777573,0,Самогон,1,733,,,
2231,сколько надо дрожжей на самогон,2022-11-30 16:46:58.5777573,0,Самогон,1,732,,,
2232,сколько сахара на 1 самогона,2022-11-30 16:46:58.5777573,0,Самогон,1,732,,,
2233,лучшая очистка самогона,2022-11-30 16:47:19.9336764,0,Самогон,1,731,,,
2234,самогон из пива,2022-11-30 16:47:19.9346732,0,Самогон,1,731,,,
2235,можно самогон разбавить водой,2022-11-30 16:47:19.9346732,0,Самогон,1,730,,,
2236,поставить самогон в домашних условиях,2022-11-30 16:47:19.9346732,0,Самогон,1,730,,,
2237,самогон из яблочного сока,2022-11-30 16:47:19.9356707,0,Самогон,1,729,,,
2238,абсент в домашних условиях из самогона,2022-11-30 16:47:19.9356707,0,Самогон,1,729,,,
2239,самогон б12,2022-11-30 16:47:19.9356707,0,Самогон,1,728,,,
67,онлайн калькулятор расчета самогона,2020-10-30 16:36:51.8104563,0,Все,3,727,1,1,1.0
2240,как узнать самогон,2022-11-30 16:47:19.9366684,0,Самогон,1,725,,,
2241,дуб для самогона купить,2022-11-30 16:47:19.9366684,0,Самогон,1,724,,,
2242,вторая перегонка самогона хвосты,2022-11-30 16:47:19.9366684,0,Самогон,1,724,,,
2243,самогон брать,2022-11-30 16:47:19.9366684,0,Самогон,1,724,,,
2244,гонка самогона,2022-11-30 16:47:19.9366684,0,Самогон,1,722,,,
2245,как сделать настойку из самогона в домашних,2022-11-30 16:47:19.9376646,0,Самогон,1,721,,,
2246,самогон бородинский,2022-11-30 16:47:19.9376646,0,Самогон,1,720,,,
417,калькулятор перегонки спирта,2020-10-30 16:39:24.8369254,0,Калькулятор дробной перегонки спирта-сырца: (вторая перегонка),11,719,7,7,1.03
2247,очистка самогона березовым углем,2022-11-30 16:47:19.9376646,0,Самогон,1,719,,,
2248,как отделить самогон,2022-11-30 16:47:19.9376646,0,Самогон,1,718,,,
2249,электронный самогон,2022-11-30 16:47:19.9376646,0,Самогон,1,717,,,
2250,коньяк из самогона на коре,2022-11-30 16:47:19.9386638,0,Самогон,1,717,,,
2251,кислота в самогоне,2022-11-30 16:47:19.9386638,0,Самогон,1,716,,,
2252,самогон добавить в брагу,2022-11-30 16:47:19.9386638,0,Самогон,1,715,,,
2253,температура самогона таблица,2022-11-30 16:47:19.9386638,0,Самогон,1,715,,,
2254,можно ли перегонять самогон,2022-11-30 16:47:19.939666,0,Самогон,1,715,,,
2255,какие дрожжи купить для самогона,2022-11-30 16:47:19.939666,0,Самогон,1,715,,,
2256,очистка самогона своими руками,2022-11-30 16:47:19.939666,0,Самогон,1,715,,,
2257,как приготовить самогон из дрожжей,2022-11-30 16:47:19.9406577,0,Самогон,1,714,,,
2258,выход самогона из сахара,2022-11-30 16:47:19.9406577,0,Самогон,1,714,,,
2259,рецепт самогона на сахаре и воде,2022-11-30 16:47:19.9416549,0,Самогон,1,712,,,
2260,заливаем бочку самогоном,2022-11-30 16:47:19.9416549,0,Самогон,1,712,,,
2261,настойка на макадамии скорлупе на самогоне,2022-11-30 16:47:19.9416549,0,Самогон,1,711,,,
2262,боярышник на самогоне в домашних,2022-11-30 16:47:19.9426516,0,Самогон,1,711,,,
2263,крафтовый самогон,2022-11-30 16:47:19.9426516,0,Самогон,1,711,,,
2264,висельник на самогоне с лимоном,2022-11-30 16:47:19.9426516,0,Самогон,1,709,,,
2265,приготовление коньяка из самогона,2022-11-30 16:47:19.9436477,0,Самогон,1,709,,,
2266,лучшие дрожжи для самогона купить,2022-11-30 16:47:19.9436477,0,Самогон,1,708,,,
2267,самогона из браги выходит,2022-11-30 16:47:19.9436477,0,Самогон,1,708,,,
2268,ставим самогон на сахаре и дрожжах,2022-11-30 16:47:19.9446461,0,Самогон,1,706,,,
2269,самогон яблоки дрожжи,2022-11-30 16:47:19.9446461,0,Самогон,1,706,,,
2270,настойка на кедровых орешках на самогоне 3,2022-11-30 16:47:19.9446461,0,Самогон,1,705,,,
138,калькулятор самогонщика онлайн разбавление водой,2020-10-30 16:33:04.9765734,0,калькулятор разбавления самогона водой,5,704,16,16,1.07
2271,отбор самогона по жидкости,2022-11-30 16:47:19.9456426,0,Самогон,1,702,,,
2272,рецепт ликера из самогона,2022-11-30 16:47:19.9456426,0,Самогон,1,702,,,
2273,нужно очищать самогон,2022-11-30 16:47:19.9456426,0,Самогон,1,702,,,
2274,самогон для женщин,2022-11-30 16:47:19.9466406,0,Самогон,1,702,,,
2275,сколько из сахара получается самогона,2022-11-30 16:47:19.9466406,0,Самогон,1,701,,,
2276,кедровая настойка на самогоне рецепт приготовления,2022-11-30 16:47:19.9466406,0,Самогон,1,701,,,
2277,коньяк на самогоне лучшие,2022-11-30 16:47:19.9476407,0,Самогон,1,701,,,
2278,как сделать самогон аппарат,2022-11-30 16:47:19.9486371,0,Самогон,1,699,,,
2279,самогон что добавлять для аромата,2022-11-30 16:47:19.9496344,0,Самогон,1,698,,,
2280,разбавляют ли самогон водой,2022-11-30 16:47:19.9496344,0,Самогон,1,696,,,
2281,настойка на бруснике на самогоне,2022-11-30 16:47:19.9496344,0,Самогон,1,696,,,
2282,самогон на орехах макадамия,2022-11-30 16:47:19.9496344,0,Самогон,1,696,,,
2283,домашние напитки из самогона рецепты,2022-11-30 16:47:46.933507,0,Самогон,1,696,,,
139,калькулятор онлайн самогонщика разбавить самогон,2020-10-30 16:33:04.9765734,0,калькулятор разбавления самогона водой,5,693,5,5,1.02
2284,калгановка на самогоне,2022-11-30 16:47:46.9345053,0,Самогон,1,693,,,
2285,вторая очистка самогона углем,2022-11-30 16:47:46.9345053,0,Самогон,1,693,,,
2286,настойка самогона щепе,2022-11-30 16:47:46.9345053,0,Самогон,1,692,,,
2287,сколько градусов должен быть самогон,2022-11-30 16:47:46.9345053,0,Самогон,1,692,,,
2288,самогон температура в кубе,2022-11-30 16:47:46.9355019,0,Самогон,1,692,,,
183,разбавить самогон калькулятор онлайн расчет,2020-10-30 16:36:51.8104563,0,калькулятор разбавления самогона водой,5,690,1,1,1.0
2289,куб для самогона,2022-11-30 16:47:46.9365,0,Самогон,1,690,,,
2290,таблица крепости самогона,2022-11-30 16:47:46.9365,0,Самогон,1,690,,,
2291,как выгнать самогон в домашних условиях,2022-11-30 16:47:46.9365,0,Самогон,1,689,,,
4,самогон калькулятор самогонщика онлайн расчет,2020-10-30 16:33:04.9765734,0,Все,3,688,6,6,1.03
2292,полезные свойства самогона,2022-11-30 16:47:46.9374967,0,Самогон,1,688,,,
245,разведение спирта калькулятор онлайн,2020-10-30 16:39:24.8369254,0,калькулятор разбавления самогона водой,5,687,57,15,1.07
2293,самогон на мухоморах,2022-11-30 16:47:46.9374967,0,Самогон,1,687,,,
2294,самогон аппарат колонна,2022-11-30 16:47:46.9384938,0,Самогон,1,687,,,
2295,самогон из пшеницы без сахара,2022-11-30 16:47:46.9384938,0,Самогон,1,687,,,
2296,сколько отбирать голов при второй перегонке самогона,2022-11-30 16:47:46.9384938,0,Самогон,1,687,,,
2297,самогон из сахара и дрожжей классический рецепт,2022-11-30 16:47:46.9394921,0,Самогон,1,686,,,
2298,надпись самогон,2022-11-30 16:47:46.9394921,0,Самогон,1,686,,,
2299,как очистить первый самогон,2022-11-30 16:47:46.940491,0,Самогон,1,686,,,
2300,как фильтровать самогон,2022-11-30 16:47:46.940491,0,Самогон,1,686,,,
2301,яблочная брага для самогона,2022-11-30 16:47:46.940491,0,Самогон,1,685,,,
2302,самогон 70 градусов,2022-11-30 16:47:46.9414885,0,Самогон,1,684,,,
2303,настойка на боярышнике на самогоне рецепт,2022-11-30 16:47:46.9424851,0,Самогон,1,684,,,
2304,домашняя водка из самогона,2022-11-30 16:47:46.9424851,0,Самогон,1,684,,,
2305,самогон на хрене рецепт,2022-11-30 16:47:46.943483,0,Самогон,1,683,,,
2306,индукционная для самогона,2022-11-30 16:47:46.944479,0,Самогон,1,683,,,
2307,дрожжи для самогона какие лучше купить,2022-11-30 16:47:46.944479,0,Самогон,1,682,,,
2308,самогон прикол,2022-11-30 16:47:46.9454774,0,Самогон,1,682,,,
2309,шаблон самогон,2022-11-30 16:47:46.9454774,0,Самогон,1,682,,,
2310,быстрый рецепт самогона в домашних,2022-11-30 16:47:46.9454774,0,Самогон,1,682,,,
2311,макарыч самогон,2022-11-30 16:47:46.946475,0,Самогон,1,682,,,
2312,турбо дрожжи для браги для самогона,2022-11-30 16:47:46.946475,0,Самогон,1,682,,,
2313,дрожжи для самогона москва,2022-11-30 16:47:46.9474728,0,Самогон,1,682,,,
2314,сосновая настойка на самогоне,2022-11-30 16:47:46.9474728,0,Самогон,1,682,,,
2315,мацерат самогон,2022-11-30 16:47:46.9484683,0,Самогон,1,681,,,
2316,фильтрация самогона углем,2022-11-30 16:47:46.9484683,0,Самогон,1,681,,,
2317,сколько дней настаивать самогон,2022-11-30 16:47:46.9484683,0,Самогон,1,680,,,
2318,настойка боярышника домашняя самогон,2022-11-30 16:47:46.9494673,0,Самогон,1,679,,,
2319,кальвадос из самогона в домашних,2022-11-30 16:47:46.9494673,0,Самогон,1,678,,,
2320,самогон на сосновых шишках,2022-11-30 16:47:46.9504653,0,Самогон,1,678,,,
2321,самогон нижний,2022-11-30 16:47:46.9504653,0,Самогон,1,677,,,
2322,самогон на скорлупе кедровых орехов,2022-11-30 16:47:46.9514623,0,Самогон,1,677,,,
2323,синий самогон,2022-11-30 16:47:46.9514623,0,Самогон,1,677,,,
2324,как выгнать самогон из браги,2022-11-30 16:47:46.9514623,0,Самогон,1,677,,,
2325,холодный самогон,2022-11-30 16:47:46.9524577,0,Самогон,1,677,,,
140,калькулятор самогонщика онлайн расчет разбавить самогон,2020-10-30 16:33:04.9765734,0,калькулятор разбавления самогона водой,5,676,139,139,1.62
2326,рецепты напитков из самогона в домашних условиях,2022-11-30 16:47:46.9524577,0,Самогон,1,676,,,
2327,настой прополиса на самогоне,2022-11-30 16:47:46.9524577,0,Самогон,1,676,,,
2328,сколько гнать самогон,2022-11-30 16:47:46.9534558,0,Самогон,1,675,,,
2329,ликер в домашних условиях на самогоне,2022-11-30 16:47:46.9534558,0,Самогон,1,674,,,
2330,боярышник на самогоне в домашних условиях,2022-11-30 16:47:46.9534558,0,Самогон,1,674,,,
2331,рябина на самогоне в домашних условиях рецепт,2022-11-30 16:47:46.9544517,0,Самогон,1,674,,,
2332,очистка самогона марганцовкой в домашних,2022-11-30 16:47:46.9544517,0,Самогон,1,673,,,
2333,добро самогон,2022-11-30 16:48:10.0477268,0,Самогон,1,673,,,
2334,клюковка на самогоне,2022-11-30 16:48:10.0477268,0,Самогон,1,672,,,
2335,нужна ли вторая перегонка самогона,2022-11-30 16:48:10.0487231,0,Самогон,1,671,,,
2336,выдержанный самогон,2022-11-30 16:48:10.0487231,0,Самогон,1,671,,,
2337,настойка на изюме на самогоне,2022-11-30 16:48:10.0487231,0,Самогон,1,671,,,
2338,самогон в домашних условиях без самогонного,2022-11-30 16:48:10.0487231,0,Самогон,1,669,,,
2339,самогон своими руками в домашних,2022-11-30 16:48:10.0487231,0,Самогон,1,669,,,
2340,40 градусный самогон,2022-11-30 16:48:10.0487231,0,Самогон,1,669,,,
2341,изготовление самогона в домашних условиях,2022-11-30 16:48:10.0487231,0,Самогон,1,667,,,
2342,рецепт быстрого самогона в домашних условиях,2022-11-30 16:48:10.0497202,0,Самогон,1,667,,,
2343,лучшие рецепты виски из самогона,2022-11-30 16:48:10.0497202,0,Самогон,1,667,,,
2344,самогон на черносливе рецепт на 3 литровую,2022-11-30 16:48:10.0497202,0,Самогон,1,667,,,
2345,пчелиный подмор на самогоне,2022-11-30 16:48:10.0497202,0,Самогон,1,666,,,
2346,воды для второго перегона самогона,2022-11-30 16:48:10.0497202,0,Самогон,1,665,,,
2347,кедровые орехи на литр самогона,2022-11-30 16:48:10.0497202,0,Самогон,1,665,,,
2348,колонна для самогона купить,2022-11-30 16:48:10.0507188,0,Самогон,1,664,,,
2349,для самогона надо дрожжей,2022-11-30 16:48:10.0507188,0,Самогон,1,664,,,
2350,добрый самогон,2022-11-30 16:48:10.0507188,0,Самогон,1,663,,,
2351,поставить самогон рецепт,2022-11-30 16:48:10.0507188,0,Самогон,1,661,,,
2352,домашний виски из самогона лучший рецепт,2022-11-30 16:48:10.0507188,0,Самогон,1,660,,,
2353,активированный уголь для самогона купить,2022-11-30 16:48:10.0507188,0,Самогон,1,660,,,
2354,самогон магазин дрожжи,2022-11-30 16:48:10.0507188,0,Самогон,1,660,,,
2355,настой самогона на перегородках грецкого ореха,2022-11-30 16:48:10.0507188,0,Самогон,1,660,,,
2356,купить активировать активированный уголь для самогона,2022-11-30 16:48:10.0507188,0,Самогон,1,660,,,
2357,самогон из пшеницы в домашних условиях простой,2022-11-30 16:48:10.0507188,0,Самогон,1,660,,,
2358,хреновуха на 3 литра самогона,2022-11-30 16:48:10.0507188,0,Самогон,1,660,,,
2359,сделать самогон приятным,2022-11-30 16:48:10.0507188,0,Самогон,1,659,,,
2360,сколько нужно угля для очистки самогона,2022-11-30 16:48:10.0507188,0,Самогон,1,658,,,
2361,можно ли делать самогон,2022-11-30 16:48:10.0517159,0,Самогон,1,658,,,
2362,самогон царга,2022-11-30 16:48:10.0517159,0,Самогон,1,658,,,
2363,как выгнать самогон без,2022-11-30 16:48:10.0517159,0,Самогон,1,658,,,
2364,домашний самогон видео рецепты,2022-11-30 16:48:10.0517159,0,Самогон,1,658,,,
2365,калькулятор голов самогона,2022-11-30 16:48:10.0517159,0,Самогон,1,658,,,
2366,самогон в домашних условиях без самогонного аппарата,2022-11-30 16:48:10.0517159,0,Самогон,1,657,,,
2367,самогон очищают уголь таблетках,2022-11-30 16:48:10.0517159,0,Самогон,1,657,,,
2368,самогонов адреса магазинов,2022-11-30 16:48:10.0517159,0,Самогон,1,657,,,
2369,вторая перегонка самогона как правильно разбавлять водой,2022-11-30 16:48:10.0517159,0,Самогон,1,657,,,
2370,самогон из ячменя,2022-11-30 16:48:10.0517159,0,Самогон,1,656,,,
2371,настойка на кедровой скорлупе на самогоне,2022-11-30 16:48:10.0517159,0,Самогон,1,656,,,
2372,настойка на барбарисе на самогоне,2022-11-30 16:48:10.0517159,0,Самогон,1,656,,,
2373,фильтр для самогона своими руками,2022-11-30 16:48:10.0527149,0,Самогон,1,655,,,
2374,при какой температуре начинает самогон,2022-11-30 16:48:10.0527149,0,Самогон,1,655,,,
2375,чем закрасить самогон в домашних,2022-11-30 16:48:10.0527149,0,Самогон,1,655,,,
2376,перцовка на самогоне рецепт домашнего,2022-11-30 16:48:10.0527149,0,Самогон,1,655,,,
2377,почему мутнеет самогон при разбавлении,2022-11-30 16:48:10.0527149,0,Самогон,1,653,,,
2378,двойная перегонка самогона как правильно,2022-11-30 16:48:10.0527149,0,Самогон,1,653,,,
2379,правильная брага для самогона из сахара дрожжей,2022-11-30 16:48:10.0527149,0,Самогон,1,652,,,
2380,как разбавить самогон для второй перегонки,2022-11-30 16:48:10.0527149,0,Самогон,1,651,,,
2381,самогон рецепты быстро и вкусно,2022-11-30 16:48:10.0527149,0,Самогон,1,651,,,
2382,сколько декстрозы в самогон,2022-11-30 16:48:10.0527149,0,Самогон,1,651,,,
2383,почему самогон получается,2022-11-30 16:48:31.0786719,0,Самогон,1,651,,,
141,калькулятор самогонщика онлайн разбавление самогона,2020-10-30 16:33:04.9765734,0,калькулятор разбавления самогона водой,5,649,39,39,1.18
2384,самогон аквафор,2022-11-30 16:48:31.079671,0,Самогон,1,649,,,
2385,себестоимость самогона,2022-11-30 16:48:31.079671,0,Самогон,1,649,,,
2386,брага для самогона рецепт на 30 литров,2022-11-30 16:48:31.079671,0,Самогон,1,648,,,
745,смешивание спирта с водой,2022-01-20 09:49:38.3793503,0,калькулятор разбавления самогона водой,5,647,39,39,
2387,строители жрут самогон,2022-11-30 16:48:31.0806675,0,Самогон,1,647,,,
2388,купить наборы для самогона,2022-11-30 16:48:31.0806675,0,Самогон,1,647,,,
2389,кальвадос из самогона в домашних условиях,2022-11-30 16:48:31.0806675,0,Самогон,1,646,,,
2390,лучшая брага для самогона из сахара,2022-11-30 16:48:31.0806675,0,Самогон,1,644,,,
2391,бригада строителей жрет самогон,2022-11-30 16:48:31.0806675,0,Самогон,1,644,,,
2392,самогон калории,2022-11-30 16:48:31.0806675,0,Самогон,1,644,,,
694,калькулятор разбавления самогона для второй перегонки,2020-10-30 16:36:51.8104563,0,Калькулятор дробной перегонки спирта-сырца: (вторая перегонка),11,643,4,4,1.02
2393,сколько сухих дрожжей для самогона,2022-11-30 16:48:31.0806675,0,Самогон,1,643,,,
246,разбавить спирт калькулятор онлайн,2020-10-30 16:39:24.8369254,0,калькулятор разбавления самогона водой,5,642,23,22,1.1
2394,потом самогон,2022-11-30 16:48:31.0816657,0,Самогон,1,642,,,
2395,самогон из винограда и сахара,2022-11-30 16:48:31.0816657,0,Самогон,1,640,,,
2396,рецепт приятного самогона,2022-11-30 16:48:31.0816657,0,Самогон,1,640,,,
2397,виски из самогона в домашних условиях лучшие,2022-11-30 16:48:31.0816657,0,Самогон,1,639,,,
2398,самогон воронеж,2022-11-30 16:48:31.0816657,0,Самогон,1,639,,,
2399,рецепт приготовления самогон на рябине,2022-11-30 16:48:31.0816657,0,Самогон,1,639,,,
2400,наклейки для самогона,2022-11-30 16:48:31.0816657,0,Самогон,1,636,,,
2401,самогон из жмыха винограда,2022-11-30 16:48:31.0816657,0,Самогон,1,635,,,
2402,формула разбавления самогона,2022-11-30 16:48:31.0816657,0,Самогон,1,635,,,
2403,самогон на цедре,2022-11-30 16:48:31.0826617,0,Самогон,1,634,,,
2404,сколько дубовой щепы на литр самогона,2022-11-30 16:48:31.0826617,0,Самогон,1,633,,,
2405,самогон на изюме рецепт,2022-11-30 16:48:31.0826617,0,Самогон,1,633,,,
2406,самогон из варенья и дрожжей,2022-11-30 16:48:31.0826617,0,Самогон,1,632,,,
2407,вторая перегонка самогона как правильно сделать,2022-11-30 16:48:31.0876486,0,Самогон,1,631,,,
2408,настойки самогона на коре,2022-11-30 16:48:31.0876486,0,Самогон,1,631,,,
2409,сделать виски из самогона в домашних условиях,2022-11-30 16:48:31.0886474,0,Самогон,1,631,,,
2410,самогон брага видео,2022-11-30 16:48:31.0886474,0,Самогон,1,630,,,
2411,как сделать домашний виски из самогона,2022-11-30 16:48:31.0886474,0,Самогон,1,630,,,
2412,самогон что добавить для вкуса и аромата,2022-11-30 16:48:31.0896443,0,Самогон,1,630,,,
2413,аппараты самогон видео,2022-11-30 16:48:31.0896443,0,Самогон,1,629,,,
2414,самогон рецепты приготовления из сахара,2022-11-30 16:48:31.0896443,0,Самогон,1,629,,,
2415,шоколадный самогон,2022-11-30 16:48:31.0896443,0,Самогон,1,628,,,
2416,самогон без браги в домашних условиях,2022-11-30 16:48:31.0906422,0,Самогон,1,628,,,
2417,самогон германия,2022-11-30 16:48:31.0906422,0,Самогон,1,628,,,
2418,текила из самогона,2022-11-30 16:48:31.0906422,0,Самогон,1,627,,,
2419,рецепт хреновухи на самогоне на 3,2022-11-30 16:48:31.0906422,0,Самогон,1,626,,,
2420,самогон из черноплодной рябины в домашних,2022-11-30 16:48:31.0906422,0,Самогон,1,626,,,
2421,самогон самара,2022-11-30 16:48:31.0906422,0,Самогон,1,626,,,
2422,самогона калькулятор самогонный калькулятор,2022-11-30 16:48:31.0906422,0,Самогон,1,626,,,
2423,типы самогона,2022-11-30 16:48:31.0906422,0,Самогон,1,626,,,
2424,слушать самогон налью,2022-11-30 16:48:31.0916378,0,Самогон,1,625,,,
2425,сколько получается самогона из 10 литров,2022-11-30 16:48:31.0916378,0,Самогон,1,624,,,
2426,повторный перегон самогона,2022-11-30 16:48:31.0916378,0,Самогон,1,624,,,
2427,брага из яблок для самогона рецепт,2022-11-30 16:48:31.0936336,0,Самогон,1,624,,,
2428,как правильно приготовить самогон,2022-11-30 16:48:31.0936336,0,Самогон,1,623,,,
2429,пвк для самогона,2022-11-30 16:48:31.0936336,0,Самогон,1,623,,,
2430,самогонов новгород,2022-11-30 16:48:31.0946335,0,Самогон,1,623,,,
2431,настойка из фейхоа на самогоне,2022-11-30 16:48:31.0946335,0,Самогон,1,623,,,
2432,самогон на аппарате с сухопарником,2022-11-30 16:48:31.0946335,0,Самогон,1,623,,,
2433,1 очистка самогона,2022-11-30 16:48:56.5050482,0,Самогон,1,622,,,
2434,самогон настой в бочке,2022-11-30 16:48:56.5060472,0,Самогон,1,622,,,
2435,чем закрасить самогон в домашних условиях,2022-11-30 16:48:56.5060472,0,Самогон,1,622,,,
2436,ароматизатор для самогона купить,2022-11-30 16:48:56.5060472,0,Самогон,1,621,,,
2437,второй перегон самогона с дефлегматором,2022-11-30 16:48:56.5060472,0,Самогон,1,620,,,
2438,дон самогон ростов на дону,2022-11-30 16:48:56.5060472,0,Самогон,1,620,,,
2439,самогон и водка таганрог,2022-11-30 16:48:56.5060472,0,Самогон,1,620,,,
2440,брага на пшенице для самогона без дрожжей,2022-11-30 16:48:56.5060472,0,Самогон,1,620,,,
2441,самогон своими руками в домашних условиях,2022-11-30 16:48:56.5060472,0,Самогон,1,619,,,
2442,чем разбавить градус самогона,2022-11-30 16:48:56.507046,0,Самогон,1,619,,,
2443,повторная перегонка самогона,2022-11-30 16:48:56.507046,0,Самогон,1,619,,,
2444,как гнать самогон через,2022-11-30 16:48:56.507046,0,Самогон,1,619,,,
2445,как сделать вкусный самогон,2022-11-30 16:48:56.507046,0,Самогон,1,619,,,
2446,перепонки на самогоне,2022-11-30 16:48:56.507046,0,Самогон,1,619,,,
2447,перегон самогона до скольки градусов,2022-11-30 16:48:56.508042,0,Самогон,1,618,,,
2448,рецепт кедровки на самогоне,2022-11-30 16:48:56.508042,0,Самогон,1,618,,,
2449,пропорции воды и дрожжей для самогона,2022-11-30 16:48:56.508042,0,Самогон,1,618,,,
2450,декстроза для самогона купить,2022-11-30 16:48:56.508042,0,Самогон,1,618,,,
2451,бражка на самогон на дрожжах,2022-11-30 16:48:56.508042,0,Самогон,1,618,,,
2452,самогон из яблок в домашних условиях простой,2022-11-30 16:48:56.508042,0,Самогон,1,617,,,
2453,очистка самогона марганцовкой в домашних условиях,2022-11-30 16:48:56.508042,0,Самогон,1,617,,,
2454,эссенция для самогона купить,2022-11-30 16:48:56.508042,0,Самогон,1,617,,,
2455,настой самогона на черносливе,2022-11-30 16:48:56.508042,0,Самогон,1,617,,,
2456,сахарная брага для самогона на дрожжах,2022-11-30 16:48:56.508042,0,Самогон,1,617,,,
2457,простой рецепт самогона из яблок,2022-11-30 16:48:56.508042,0,Самогон,1,617,,,
418,калькулятор перегонки спирта сырца,2020-10-30 16:39:24.8369254,0,Калькулятор дробной перегонки спирта-сырца: (вторая перегонка),11,616,29,27,1.13
684,калькулятор разбавления самогона водой для второй перегонки,2020-10-30 16:36:51.8104563,0,Калькулятор дробной перегонки спирта-сырца: (вторая перегонка),11,615,23,19,1.09
2458,пропорции сахара воды и дрожжей для самогона,2022-11-30 16:48:56.508042,0,Самогон,1,615,,,
2459,абсент из самогона рецепт,2022-11-30 16:48:56.508042,0,Самогон,1,615,,,
2460,самогон из свеклы,2022-11-30 16:48:56.508042,0,Самогон,1,614,,,
2461,приготовление самогона в домашних условиях дрожжи,2022-11-30 16:48:56.508042,0,Самогон,1,614,,,
2462,очистка самогона углем пропорции,2022-11-30 16:48:56.508042,0,Самогон,1,614,,,
2463,очистка самогона маслом в домашних,2022-11-30 16:48:56.5090381,0,Самогон,1,614,,,
2464,самогон в домашних условиях рецепты видео,2022-11-30 16:48:56.5090381,0,Самогон,1,614,,,
2465,музей самогона,2022-11-30 16:48:56.5090381,0,Самогон,1,613,,,
2466,самогон на кедровых орехах рецепт,2022-11-30 16:48:56.5090381,0,Самогон,1,612,,,
2467,самогон из пророщенной,2022-11-30 16:48:56.5090381,0,Самогон,1,612,,,
2468,самогон 2022 год,2022-11-30 16:48:56.5090381,0,Самогон,1,612,,,
2469,вкус самогона рецепты,2022-11-30 16:48:56.5090381,0,Самогон,1,611,,,
2470,самогон на корне калгана,2022-11-30 16:48:56.5090381,0,Самогон,1,611,,,
2471,яблочный самогон в домашних,2022-11-30 16:48:56.5090381,0,Самогон,1,611,,,
142,калькулятор самогонщика разбавление самогона водой онлайн,2020-10-30 16:33:04.9765734,0,калькулятор разбавления самогона водой,5,610,248,248,2.22
2472,сделать самогон видео,2022-11-30 16:48:56.5090381,0,Самогон,1,610,,,
2473,попугай для самогона купить,2022-11-30 16:48:56.5100366,0,Самогон,1,610,,,
2474,самогон из меда в домашних условиях рецепт,2022-11-30 16:48:56.5100366,0,Самогон,1,610,,,
2475,самогонный калькулятор разбавления самогона,2022-11-30 16:48:56.5100366,0,Самогон,1,610,,,
2476,какая температура перегона самогона,2022-11-30 16:48:56.5100366,0,Самогон,1,610,,,
2477,плохой самогон,2022-11-30 16:48:56.5100366,0,Самогон,1,610,,,
2478,как приготовить домашний коньяк из самогона,2022-11-30 16:48:56.5100366,0,Самогон,1,608,,,
2479,самогон в пластиковой бутылке,2022-11-30 16:48:56.5100366,0,Самогон,1,608,,,
2480,как перегнать второй перегон самогона,2022-11-30 16:48:56.5100366,0,Самогон,1,608,,,
387,калькулятор самогонщика отбор,2020-10-30 16:33:04.9765734,0,Калькулятор дробной перегонки спирта-сырца: (вторая перегонка),11,607,1,1,1.0
2481,попугай своими руками для самогона,2022-11-30 16:48:56.5100366,0,Самогон,1,607,,,
2482,калькулятор перегон самогона,2022-11-30 16:48:56.5100366,0,Самогон,1,607,,,
2483,почему мутнеет самогон при разбавлении водой,2022-11-30 16:49:21.0793613,0,Самогон,1,607,,,
2484,самогон на киви,2022-11-30 16:49:21.0803604,0,Самогон,1,606,,,
2485,как ставить самогон на дрожжах,2022-11-30 16:49:21.0803604,0,Самогон,1,605,,,
2486,правильный самогон рецепт,2022-11-30 16:49:21.0803604,0,Самогон,1,605,,,
2487,сон самогон,2022-11-30 16:49:21.0803604,0,Самогон,1,604,,,
2488,настойка боярышника на самогоне в домашних условиях,2022-11-30 16:49:21.0803604,0,Самогон,1,604,,,
2489,уголь активированный для очистки самогона купить,2022-11-30 16:49:21.0803604,0,Самогон,1,604,,,
2490,купить активируемый уголь для очистки самогона,2022-11-30 16:49:21.0803604,0,Самогон,1,604,,,
2491,коньяк из самогона на дубовой коре,2022-11-30 16:49:21.0803604,0,Самогон,1,603,,,
2492,хлебный самогон,2022-11-30 16:49:21.0803604,0,Самогон,1,602,,,
2493,на чем быстро настоять самогон,2022-11-30 16:49:21.0803604,0,Самогон,1,602,,,
2494,настойка самогона на скорлупе ореха,2022-11-30 16:49:21.0803604,0,Самогон,1,602,,,
2495,водка из самогона в домашних условиях,2022-11-30 16:49:21.0803604,0,Самогон,1,601,,,
2496,виноградный самогон в домашних,2022-11-30 16:49:21.081356,0,Самогон,1,601,,,
2497,ячменный самогон,2022-11-30 16:49:21.081356,0,Самогон,1,601,,,
2498,очистить самогон перегоном,2022-11-30 16:49:21.081356,0,Самогон,1,601,,,
2499,пшеничный самогон рецепт,2022-11-30 16:49:21.081356,0,Самогон,1,600,,,
2500,самогон из черноплодной рябины в домашних условиях,2022-11-30 16:49:21.081356,0,Самогон,1,600,,,
2501,самогон г,2022-11-30 16:49:21.081356,0,Самогон,1,600,,,
2502,градус первой перегонки самогона,2022-11-30 16:49:21.081356,0,Самогон,1,599,,,
2503,второй перегон самогона как правильно перегнать,2022-11-30 16:49:21.081356,0,Самогон,1,598,,,
2504,очистка углем самогона после второй,2022-11-30 16:49:21.081356,0,Самогон,1,598,,,
2505,первые головы самогона,2022-11-30 16:49:21.081356,0,Самогон,1,598,,,
2506,рецепт самогон на клюкве в домашних,2022-11-30 16:49:21.081356,0,Самогон,1,598,,,
2507,как избавиться от запаха самогона,2022-11-30 16:49:21.081356,0,Самогон,1,598,,,
2508,подкрашиваем самогон,2022-11-30 16:49:21.0823545,0,Самогон,1,598,,,
2509,самогон из виноградного жмыха,2022-11-30 16:49:21.0833533,0,Самогон,1,597,,,
2510,очистка самогона маслом в домашних условиях,2022-11-30 16:49:21.0873418,0,Самогон,1,597,,,
2511,сливовый самогон,2022-11-30 16:49:21.0873418,0,Самогон,1,597,,,
2512,температура капающего самогона,2022-11-30 16:49:21.0873418,0,Самогон,1,597,,,
2513,как сделать самогон без запаха,2022-11-30 16:49:21.0873418,0,Самогон,1,597,,,
2514,как правильно развести самогон водой,2022-11-30 16:49:21.0873418,0,Самогон,1,596,,,
2515,макадамия на самогоне рецепт,2022-11-30 16:49:21.0883416,0,Самогон,1,596,,,
2516,можжевеловый самогон,2022-11-30 16:49:21.0883416,0,Самогон,1,596,,,
2517,как делают перегон самогона,2022-11-30 16:49:21.0883416,0,Самогон,1,596,,,
2518,бетономешалка жрет самогон,2022-11-30 16:49:21.0883416,0,Самогон,1,595,,,
2519,очистить самогон активированным углем в домашних,2022-11-30 16:49:21.0893397,0,Самогон,1,595,,,
329,калькулятор самогонщика отбор голов,2020-10-30 16:33:04.9765734,0,калькулятор самогонщика отбор голов,6,594,240,236,2.19
2520,турбо дрожжи для самогона инструкция,2022-11-30 16:49:21.0893397,0,Самогон,1,594,,,
2521,температура тела самогона,2022-11-30 16:49:21.0893397,0,Самогон,1,594,,,
702,калькулятор самогонщика разбавление для второй перегонки,2020-10-30 16:33:04.9765734,0,Калькулятор дробной перегонки спирта-сырца: (вторая перегонка),11,593,1,1,1.01
2522,перегонка головы и хвостов самогона,2022-11-30 16:49:21.090334,0,Самогон,1,593,,,
2523,таблица самогонщика по разведению самогона водой,2022-11-30 16:49:21.090334,0,Самогон,1,593,,,
2524,кедровые орешки в самогон рецепт в домашних,2022-11-30 16:49:21.0913314,0,Самогон,1,593,,,
2525,спиртовой калькулятор для самогона,2022-11-30 16:49:21.0913314,0,Самогон,1,592,,,
2526,как приготовить самогон из сахара и дрожжей,2022-11-30 16:49:21.0923294,0,Самогон,1,592,,,
2527,алкофан калькулятор разведения самогона,2022-11-30 16:49:21.0923294,0,Самогон,1,591,,,
2528,самогон на алоэ,2022-11-30 16:49:21.0923294,0,Самогон,1,591,,,
2529,лимонный самогон рецепты,2022-11-30 16:49:21.0933548,0,Самогон,1,589,,,
2530,самогон от чего помогает,2022-11-30 16:49:21.0933548,0,Самогон,1,588,,,
2531,коньяк домашнего приготовления из самогона,2022-11-30 16:49:21.0933548,0,Самогон,1,588,,,
2532,онлайн разбавить самогон водой,2022-11-30 16:49:21.0943521,0,Самогон,1,588,,,
2533,скачать песню самогон налью,2022-11-30 16:49:43.4909552,0,Самогон,1,587,,,
2534,сколько самогона выходит из литра браги,2022-11-30 16:49:43.4939475,0,Самогон,1,587,,,
2535,запах дрожжей в самогоне,2022-11-30 16:49:43.4949469,0,Самогон,1,587,,,
2536,домашний ликер из самогона рецепт,2022-11-30 16:49:43.4959427,0,Самогон,1,587,,,
2537,брага на 20 литров пропорции для самогона,2022-11-30 16:49:43.4959427,0,Самогон,1,586,,,
2538,бригада строителей жрет самогон бетономешалка,2022-11-30 16:49:43.4969376,0,Самогон,1,586,,,
2539,мужики самогон,2022-11-30 16:49:43.4969376,0,Самогон,1,586,,,
2540,взять самогон,2022-11-30 16:49:43.4969376,0,Самогон,1,586,,,
2541,температура голов самогона,2022-11-30 16:49:43.4969376,0,Самогон,1,586,,,
2542,этикетка на бутылку самогона прикольные,2022-11-30 16:49:43.4979323,0,Самогон,1,586,,,
2543,самогон текст,2022-11-30 16:49:43.4979323,0,Самогон,1,585,,,
2544,самогон 90,2022-11-30 16:49:43.4979323,0,Самогон,1,585,,,
2545,что положить в самогон,2022-11-30 16:49:43.4979323,0,Самогон,1,585,,,
683,калькулятор самогонщика разбавление самогона водой для второй,2020-10-30 16:33:04.9765734,0,Калькулятор дробной перегонки спирта-сырца: (вторая перегонка),11,584,24,24,1.12
2546,самогон на грецкой скорлупе,2022-11-30 16:49:43.4979323,0,Самогон,1,583,,,
2547,приготовить коньяк в домашних условиях из самогона,2022-11-30 16:49:43.4989295,0,Самогон,1,582,,,
2548,настойка на косточках на самогоне,2022-11-30 16:49:43.499934,0,Самогон,1,582,,,
2549,градус хвостов самогона,2022-11-30 16:49:43.499934,0,Самогон,1,582,,,
2550,можно ли самогон разбавлять водой,2022-11-30 16:49:43.5009268,0,Самогон,1,582,,,
2551,самогон из винограда без дрожжей,2022-11-30 16:49:43.5009268,0,Самогон,1,582,,,
2552,три литра самогона,2022-11-30 16:49:43.501924,0,Самогон,1,582,,,
2553,настаивать самогон в бочке,2022-11-30 16:49:43.501924,0,Самогон,1,581,,,
2554,3 перегонка самогона,2022-11-30 16:49:43.5029222,0,Самогон,1,581,,,
2555,поставить брагу на самогон 40 литров,2022-11-30 16:49:43.5039194,0,Самогон,1,581,,,
2556,как делается самогон,2022-11-30 16:49:43.5049185,0,Самогон,1,580,,,
2557,дрожжи для браги под самогон,2022-11-30 16:49:43.5059141,0,Самогон,1,580,,,
2558,самогон обычный,2022-11-30 16:49:43.5069095,0,Самогон,1,580,,,
2559,плита для самогона,2022-11-30 16:49:43.5089122,0,Самогон,1,579,,,
2560,самогон в 3 литровой банке,2022-11-30 16:49:43.5109007,0,Самогон,1,579,,,
2561,самогон из сахара и сухих,2022-11-30 16:49:43.5109007,0,Самогон,1,579,,,
2562,рецепт самогона на красной,2022-11-30 16:49:43.5118976,0,Самогон,1,579,,,
2563,калина на самогоне в домашних условиях рецепты,2022-11-30 16:49:43.5118976,0,Самогон,1,579,,,
2564,абсент домашний рецепт из самогона,2022-11-30 16:49:43.5128936,0,Самогон,1,578,,,
2565,антонов песни самогон,2022-11-30 16:49:43.5128936,0,Самогон,1,578,,,
2566,лечебные настойки на самогоне,2022-11-30 16:49:43.5128936,0,Самогон,1,577,,,
2567,самогон на имбире рецепт,2022-11-30 16:49:43.5138973,0,Самогон,1,577,,,
2568,готовность самогона,2022-11-30 16:49:43.5138973,0,Самогон,1,577,,,
2569,сколько литров должно получиться самогона из,2022-11-30 16:49:43.5138973,0,Самогон,1,576,,,
2570,как сделать литр самогона,2022-11-30 16:49:43.5148875,0,Самогон,1,576,,,
2571,самогон без перегонки в домашних,2022-11-30 16:49:43.5148875,0,Самогон,1,576,,,
2572,дубовая самогона своими руками,2022-11-30 16:49:43.5158867,0,Самогон,1,574,,,
2573,рецепт водки из самогона,2022-11-30 16:49:43.5158867,0,Самогон,1,574,,,
2574,винные дрожжи для самогона,2022-11-30 16:49:43.5158867,0,Самогон,1,574,,,
2575,гонит самогон видео,2022-11-30 16:49:43.5168818,0,Самогон,1,573,,,
2576,гоню самогон видео,2022-11-30 16:49:43.5168818,0,Самогон,1,573,,,
2577,самогон топ,2022-11-30 16:49:43.5168818,0,Самогон,1,573,,,
2578,гоним самогон видео,2022-11-30 16:49:43.5178792,0,Самогон,1,573,,,
2579,самогон головы и хвостовы,2022-11-30 16:49:43.5178792,0,Самогон,1,572,,,
2580,очищает ли уголь самогон,2022-11-30 16:49:43.5178792,0,Самогон,1,572,,,
2581,фракции самогона,2022-11-30 16:49:43.5178792,0,Самогон,1,572,,,
2582,очищение самогона углем,2022-11-30 16:49:43.5188767,0,Самогон,1,571,,,
2583,электронный спиртометр для самогона,2022-11-30 16:50:04.6661898,0,Самогон,1,570,,,
2584,самогон копченый,2022-11-30 16:50:04.6671888,0,Самогон,1,570,,,
2585,способы очистки самогона,2022-11-30 16:50:04.6671888,0,Самогон,1,570,,,
2586,клюква на самогоне в домашних условиях рецепты,2022-11-30 16:50:04.6671888,0,Самогон,1,569,,,
2587,самогон без перегонки в домашних условиях,2022-11-30 16:50:04.6671888,0,Самогон,1,568,,,
2588,разбавить самогон водой калькулятор онлайн,2022-11-30 16:50:04.6681861,0,Самогон,1,568,,,
2589,самогон 5 кг сахара,2022-11-30 16:50:04.6681861,0,Самогон,1,567,,,
2590,как делают перегонку самогона,2022-11-30 16:50:04.6681861,0,Самогон,1,567,,,
2591,какие дрожжи для браги под самогон,2022-11-30 16:50:04.6681861,0,Самогон,1,567,,,
2592,лучшие спиртовые дрожжи для самогона,2022-11-30 16:50:04.6681861,0,Самогон,1,567,,,
2593,ром из самогона в домашних,2022-11-30 16:50:04.6681861,0,Самогон,1,567,,,
2594,как гнать самогон на колонне,2022-11-30 16:50:04.6681861,0,Самогон,1,566,,,
2595,ликер из самогона в домашних условиях рецепт,2022-11-30 16:50:04.6681861,0,Самогон,1,566,,,
2596,самогона жесткого,2022-11-30 16:50:04.6681861,0,Самогон,1,566,,,
2597,настойка бородинская на самогоне,2022-11-30 16:50:04.6681861,0,Самогон,1,565,,,
2598,брага из винограда для самогона с дрожжами,2022-11-30 16:50:04.6691822,0,Самогон,1,565,,,
2599,самогон из крупы,2022-11-30 16:50:04.6691822,0,Самогон,1,565,,,
2600,чистим самогон кокосовым углем,2022-11-30 16:50:04.6701798,0,Самогон,1,565,,,
686,разбавление самогона для второй перегонки калькулятор самогонщика,2020-10-30 16:33:04.9765734,0,Калькулятор дробной перегонки спирта-сырца: (вторая перегонка),11,564,20,20,1.11
2601,сколько настаивать самогон на кедровых,2022-11-30 16:50:04.6701798,0,Самогон,1,564,,,
2602,бетономешалка мешает бетон бригада строителей жрет самогон,2022-11-30 16:50:04.6701798,0,Самогон,1,564,,,
2603,калькулятор второго перегона самогона,2022-11-30 16:50:04.6711769,0,Самогон,1,563,,,
2604,самогон на черноплодке,2022-11-30 16:50:04.6711769,0,Самогон,1,563,,,
2605,второй перегон самогона калькулятор,2022-11-30 16:50:04.6711769,0,Самогон,1,563,,,
2606,бочки из дуба для самогона goods woods,2022-11-30 16:50:04.6721746,0,Самогон,1,563,,,
2607,пропорции приготовления самогона,2022-11-30 16:50:04.6721746,0,Самогон,1,563,,,
2608,быстрое приготовление самогона,2022-11-30 16:50:04.6731724,0,Самогон,1,563,,,
2609,как отбирать головы в самогоне,2022-11-30 16:50:04.6731724,0,Самогон,1,563,,,
2610,очистить самогон кокосовым углем в домашних условиях,2022-11-30 16:50:04.6731724,0,Самогон,1,563,,,
184,развести самогон водой калькулятор,2020-10-30 16:36:51.8114534,0,калькулятор разбавления самогона водой,5,562,259,241,2.29
2611,купить дрожжи для самогона магазины,2022-11-30 16:50:04.6741678,0,Самогон,1,562,,,
2612,самогон на ореховых перегородках грецких,2022-11-30 16:50:04.6741678,0,Самогон,1,562,,,
2613,скачать самосад скручу самогон,2022-11-30 16:50:04.6741678,0,Самогон,1,562,,,
2614,очистка самогона после второй перегонки углем,2022-11-30 16:50:04.6751647,0,Самогон,1,562,,,
2615,рецепт коньяка из самогона с черносливом,2022-11-30 16:50:04.6751647,0,Самогон,1,561,,,
2616,сурский самогон пенза,2022-11-30 16:50:04.6751647,0,Самогон,1,561,,,
2617,как сделать самогон из пшеницы,2022-11-30 16:50:04.6761618,0,Самогон,1,561,,,
2618,рецепт хреновухи на самогоне на 3 литра,2022-11-30 16:50:04.6761618,0,Самогон,1,561,,,
2619,можно купить самогон,2022-11-30 16:50:04.6771624,0,Самогон,1,561,,,
2620,очистка самогона молоком в домашних,2022-11-30 16:50:04.6771624,0,Самогон,1,561,,,
91,калькулятор спирта онлайн расчет,2020-10-30 16:39:24.8369254,0,Все,3,560,0,0,1.0
2621,разбавление самогона водой помутнеет,2022-11-30 16:50:04.6771624,0,Самогон,1,560,,,
2622,настойка на рябине на самогоне рецепт приготовления,2022-11-30 16:50:04.6781563,0,Самогон,1,559,,,
2623,как сделать самогон двойной перегонки,2022-11-30 16:50:04.6781563,0,Самогон,1,559,,,
2624,сколько очищать самогон углем,2022-11-30 16:50:04.6781563,0,Самогон,1,559,,,
143,калькулятор онлайн самогонщика разбавить самогон водой,2020-10-30 16:33:04.9765734,0,калькулятор разбавления самогона водой,5,558,9,9,1.05
185,разбавить самогон калькулятор онлайн расчет водой,2020-10-30 16:36:51.8114534,0,калькулятор разбавления самогона водой,5,558,8,8,1.04
2625,вкусная настойка на самогоне рецепты,2022-11-30 16:50:04.679155,0,Самогон,1,558,,,
2626,кипение самогона,2022-11-30 16:50:04.679155,0,Самогон,1,558,,,
2627,самогон домашний на лимоне,2022-11-30 16:50:04.679155,0,Самогон,1,557,,,
2628,абсент в домашних условиях из самогона рецепт,2022-11-30 16:50:04.6801519,0,Самогон,1,556,,,
2629,фильтр для воды для самогона,2022-11-30 16:50:04.6801519,0,Самогон,1,554,,,
2630,самогон из пророщенной пшеницы,2022-11-30 16:50:04.6801519,0,Самогон,1,554,,,
2631,вайлдберриз самогон,2022-11-30 16:50:04.6811508,0,Самогон,1,554,,,
2632,самогон закон,2022-11-30 16:50:04.6811508,0,Самогон,1,554,,,
144,калькулятор самогонщика расчет разбавить самогон водой,2020-10-30 16:33:04.9765734,0,калькулятор разбавления самогона водой,5,553,3,3,1.02
2633,прессованные дрожжи для самогона,2022-11-30 16:50:29.4339594,0,Самогон,1,553,,,
2634,сколько самогона получается из кг сахара,2022-11-30 16:50:29.4339594,0,Самогон,1,553,,,
145,калькулятор самогонщика разбавление спирта,2020-10-30 16:33:04.9775712,0,калькулятор разбавления самогона водой,5,549,103,103,1.56
2635,самогон головы второй перегон,2022-11-30 16:50:29.4349617,0,Самогон,1,549,,,
2636,рецепт самогона на дубе,2022-11-30 16:50:29.4349617,0,Самогон,1,549,,,
2637,как варить самогон аппараты,2022-11-30 16:50:29.4349617,0,Самогон,1,548,,,
2638,самогон лью,2022-11-30 16:50:29.4349617,0,Самогон,1,548,,,
2639,сколько по времени настаивать самогон,2022-11-30 16:50:29.4349617,0,Самогон,1,548,,,
2640,самогон настоянный рецепты,2022-11-30 16:50:29.4349617,0,Самогон,1,548,,,
146,калькулятор самогонщика онлайн расчет разбавить самогон водой,2020-10-30 16:33:04.9775712,0,калькулятор разбавления самогона водой,5,547,280,280,2.54
2641,настойки с самогона рецепты с фото,2022-11-30 16:50:29.4349617,0,Самогон,1,547,,,
2642,вторая перегонка самогона на колонне с дефлегматором,2022-11-30 16:50:29.4359536,0,Самогон,1,547,,,
2643,струя бобра на самогоне,2022-11-30 16:50:29.4359536,0,Самогон,1,547,,,
2644,какие дрожжи лучше для самогона из сахара,2022-11-30 16:50:29.4359536,0,Самогон,1,546,,,
2645,охлаждение самогона,2022-11-30 16:50:29.4359536,0,Самогон,1,546,,,
2646,самогон аппараты колонного,2022-11-30 16:50:29.4359536,0,Самогон,1,545,,,
2647,сабельник самогон,2022-11-30 16:50:29.4359536,0,Самогон,1,545,,,
2648,виноградный самогон в домашних условиях,2022-11-30 16:50:29.4359536,0,Самогон,1,545,,,
2649,бочонки для самогона купить,2022-11-30 16:50:29.4369534,0,Самогон,1,545,,,
2650,яблочный самогон в домашних условиях,2022-11-30 16:50:29.4369534,0,Самогон,1,544,,,
2651,самогон на 30 литров воды,2022-11-30 16:50:29.4369534,0,Самогон,1,544,,,
2652,настойка висельник на самогоне,2022-11-30 16:50:29.4369534,0,Самогон,1,544,,,
2653,специи для самогона,2022-11-30 16:50:29.4369534,0,Самогон,1,544,,,
2654,таблица второй перегонки самогона,2022-11-30 16:50:29.4369534,0,Самогон,1,544,,,
2655,самогон на каркаде,2022-11-30 16:50:29.4369534,0,Самогон,1,543,,,
2656,как очистить самогон кокосовым углем в домашних,2022-11-30 16:50:29.4369534,0,Самогон,1,543,,,
2657,самогон дел,2022-11-30 16:50:29.4369534,0,Самогон,1,543,,,
2658,гоним самогон вторая перегонка,2022-11-30 16:50:29.4369534,0,Самогон,1,542,,,
2659,вреден ли самогон,2022-11-30 16:50:29.4369534,0,Самогон,1,541,,,
2660,самогон найду,2022-11-30 16:50:29.4379487,0,Самогон,1,540,,,
2661,самогон 9,2022-11-30 16:50:29.4379487,0,Самогон,1,540,,,
2662,скачать самогон налью самосад,2022-11-30 16:50:29.4379487,0,Самогон,1,540,,,
2663,незамерзайка из самогона,2022-11-30 16:50:29.4379487,0,Самогон,1,539,,,
2664,самогон рецепты приготовления из сахара и дрожжей,2022-11-30 16:50:29.4379487,0,Самогон,1,539,,,
2665,брага для самогона какая температура,2022-11-30 16:50:29.4379487,0,Самогон,1,539,,,
2666,найди самогон,2022-11-30 16:50:29.4379487,0,Самогон,1,539,,,
247,расчет разбавить спирт калькулятор,2020-10-30 16:39:24.8369254,0,калькулятор разбавления самогона водой,5,538,0,0,1.0
2667,правильный самогон на колонне,2022-11-30 16:50:29.4379487,0,Самогон,1,538,,,
2668,очистка самогона после молока,2022-11-30 16:50:29.4379487,0,Самогон,1,538,,,
2669,как сделать вкус самогона вкусом коньяка,2022-11-30 16:50:29.4379487,0,Самогон,1,538,,,
2670,самогон обжигает,2022-11-30 16:50:29.4379487,0,Самогон,1,538,,,
2671,сколько угля на 1 литр самогона,2022-11-30 16:50:29.4379487,0,Самогон,1,538,,,
2672,самогон цена за литр,2022-11-30 16:50:29.4379487,0,Самогон,1,538,,,
2673,брага для самогона рецепт пропорции,2022-11-30 16:50:29.4379487,0,Самогон,1,537,,,
2674,смягчение вкуса самогона,2022-11-30 16:50:29.4379487,0,Самогон,1,536,,,
2675,брага после перегонки самогона,2022-11-30 16:50:29.4379487,0,Самогон,1,536,,,
2676,очистка самогона молоком в домашних условиях,2022-11-30 16:50:29.4379487,0,Самогон,1,536,,,
2677,настойка прополиса на самогоне рецепт,2022-11-30 16:50:29.4379487,0,Самогон,1,536,,,
2678,польза самогона для здоровья,2022-11-30 16:50:29.4389446,0,Самогон,1,535,,,
2679,рецепт самогона из сока,2022-11-30 16:50:29.4389446,0,Самогон,1,535,,,
2680,дубовый бочонок для самогона,2022-11-30 16:50:29.4389446,0,Самогон,1,535,,,
2681,как делать брагу для самогона,2022-11-30 16:50:29.4389446,0,Самогон,1,534,,,
5,калькулятор самогонщика онлайн расчет спирта,2020-10-30 16:33:04.9775712,0,Все,3,533,0,0,1.0
2682,подмор настойка на самогоне,2022-11-30 16:50:29.4389446,0,Самогон,1,533,,,
2683,калькулятор самогона для разведения водой,2022-11-30 16:50:54.3631617,0,Самогон,1,533,,,
2684,самогон для питья,2022-11-30 16:50:54.3641592,0,Самогон,1,533,,,
2685,сколько должна стоять брага для самогона,2022-11-30 16:50:54.3641592,0,Самогон,1,532,,,
2686,ром в домашних условиях из самогона,2022-11-30 16:50:54.3641592,0,Самогон,1,532,,,
2687,самогон на кедровой скорлупе рецепт,2022-11-30 16:50:54.3641592,0,Самогон,1,532,,,
2688,гоним самогон с дефлегматором,2022-11-30 16:50:54.3641592,0,Самогон,1,532,,,
2689,дрожжи для браги какие лучше под самогон,2022-11-30 16:50:54.3641592,0,Самогон,1,532,,,
2690,чем лучше очистить самогон,2022-11-30 16:50:54.3641592,0,Самогон,1,531,,,
2691,самогон на айве рецепт,2022-11-30 16:50:54.3641592,0,Самогон,1,531,,,
2692,настойка на кураге на самогоне,2022-11-30 16:50:54.3641592,0,Самогон,1,531,,,
2693,до скольки разбавлять самогон для второй перегонки,2022-11-30 16:50:54.3641592,0,Самогон,1,531,,,
147,калькулятор самогонщика онлайн расчет разбавить спирт,2020-10-30 16:33:04.9775712,0,калькулятор разбавления самогона водой,5,530,224,224,2.27
2694,таблица разбавления самогона калькулятор,2022-11-30 16:50:54.3641592,0,Самогон,1,530,,,
2695,крышки для самогона,2022-11-30 16:50:54.3641592,0,Самогон,1,530,,,
2696,настой самогона в дубовой бочке,2022-11-30 16:50:54.3651566,0,Самогон,1,529,,,
2697,исправить самогон,2022-11-30 16:50:54.3651566,0,Самогон,1,529,,,
2698,лучшие напитки из самогона,2022-11-30 16:50:54.3651566,0,Самогон,1,528,,,
2699,рецепты настаивания самогона,2022-11-30 16:50:54.3651566,0,Самогон,1,528,,,
2700,самогона нет донецк,2022-11-30 16:50:54.3651566,0,Самогон,1,528,,,
2701,самогон на финиках,2022-11-30 16:50:54.3651566,0,Самогон,1,527,,,
2702,самогон в воду или наоборот,2022-11-30 16:50:54.3651566,0,Самогон,1,527,,,
2703,самогон кислый,2022-11-30 16:50:54.3651566,0,Самогон,1,526,,,
2704,приготовление браги для самогона в домашних,2022-11-30 16:50:54.3651566,0,Самогон,1,526,,,
2705,самогон колонна своими руками,2022-11-30 16:50:54.3651566,0,Самогон,1,525,,,
2706,вторичная перегонка самогона,2022-11-30 16:50:54.3651566,0,Самогон,1,524,,,
2707,самогон узел отбора по жидкости,2022-11-30 16:50:54.3651566,0,Самогон,1,524,,,
2708,угольная очистка самогона своими руками,2022-11-30 16:50:54.3651566,0,Самогон,1,523,,,
2709,сколько воды разбавить самогон,2022-11-30 16:50:54.3661543,0,Самогон,1,523,,,
2710,как очистить кокосовый уголь после самогона,2022-11-30 16:50:54.3661543,0,Самогон,1,523,,,
2711,рецепт самогона на ягодах,2022-11-30 16:50:54.3661543,0,Самогон,1,523,,,
2712,настойка на можжевельнике на самогоне,2022-11-30 16:50:54.3661543,0,Самогон,1,522,,,
2713,брага из пшеницы для самогона рецепт,2022-11-30 16:50:54.3661543,0,Самогон,1,522,,,
2714,набор трав для самогона,2022-11-30 16:50:54.3661543,0,Самогон,1,522,,,
2715,самогон на вишне замороженной,2022-11-30 16:50:54.3661543,0,Самогон,1,521,,,
2716,самогон на кизиле,2022-11-30 16:50:54.3661543,0,Самогон,1,521,,,
2717,как правильно пить самогон,2022-11-30 16:50:54.3661543,0,Самогон,1,521,,,
2718,самогон через барьер,2022-11-30 16:50:54.3661543,0,Самогон,1,520,,,
2719,коктейли с самогоном,2022-11-30 16:50:54.3661543,0,Самогон,1,520,,,
2720,крепость самогона от температуры,2022-11-30 16:50:54.3661543,0,Самогон,1,520,,,
2721,приготовление хорошего самогона,2022-11-30 16:50:54.3661543,0,Самогон,1,519,,,
2722,второй перегон разбавление самогона,2022-11-30 16:50:54.3661543,0,Самогон,1,519,,,
2723,перегон самогона на колонне с дефлегматором,2022-11-30 16:50:54.3661543,0,Самогон,1,518,,,
2724,как очистить самогон активированным углем в таблетках,2022-11-30 16:50:54.3661543,0,Самогон,1,516,,,
2725,очистка самогона в домашних условиях пропорции,2022-11-30 16:50:54.3671506,0,Самогон,1,516,,,
2726,рецепт перцовки из самогона в домашних условиях,2022-11-30 16:50:54.3671506,0,Самогон,1,516,,,
2727,русский самогон калькулятор,2022-11-30 16:50:54.3671506,0,Самогон,1,516,,,
2728,озон дрожжи для самогона,2022-11-30 16:50:54.3671506,0,Самогон,1,515,,,
2729,сколько настаивать самогон на дубовых,2022-11-30 16:50:54.3671506,0,Самогон,1,515,,,
2730,самогон на листьях,2022-11-30 16:50:54.3671506,0,Самогон,1,515,,,
2731,самогон челябинск,2022-11-30 16:50:54.3671506,0,Самогон,1,515,,,
2732,дикий самогон,2022-11-30 16:50:54.3671506,0,Самогон,1,515,,,
2733,домашняя наливка на самогоне рецепты,2022-11-30 16:51:16.9601669,0,Самогон,1,514,,,
2734,приготовление виски из самогона,2022-11-30 16:51:16.9611646,0,Самогон,1,514,,,
2735,самогон на скорлупе грецких орехов,2022-11-30 16:51:16.9611646,0,Самогон,1,514,,,
2736,самогон без перегона,2022-11-30 16:51:16.9611646,0,Самогон,1,514,,,
330,калькулятор самогонщика онлайн головы,2020-10-30 16:33:04.9775712,0,калькулятор самогонщика отбор голов,6,513,6,2,1.01
2737,настойка самогона сахаром,2022-11-30 16:51:16.9611646,0,Самогон,1,513,,,
2738,горячий самогон,2022-11-30 16:51:16.9611646,0,Самогон,1,513,,,
2739,канал самогон,2022-11-30 16:51:16.9611646,0,Самогон,1,513,,,
2740,использованный уголь кокосовый для самогона,2022-11-30 16:51:16.9611646,0,Самогон,1,513,,,
2741,подготовка бочки для самогона,2022-11-30 16:51:16.9611646,0,Самогон,1,513,,,
2742,самогон налью самосад скручу скачать,2022-11-30 16:51:16.9611646,0,Самогон,1,512,,,
2743,самогон из вишни в домашних,2022-11-30 16:51:16.9621616,0,Самогон,1,512,,,
2744,100 грамм самогона,2022-11-30 16:51:16.9621616,0,Самогон,1,511,,,
2745,брага для самогона градусы,2022-11-30 16:51:16.9621616,0,Самогон,1,511,,,
2746,сколько бродит брага на самогон,2022-11-30 16:51:16.9621616,0,Самогон,1,510,,,
2747,приготовление коньяка в домашних условиях из самогона,2022-11-30 16:51:16.9621616,0,Самогон,1,510,,,
2748,коньяк без вкуса самогона,2022-11-30 16:51:16.9621616,0,Самогон,1,510,,,
2749,таблица разбавления самогона водой калькулятор,2022-11-30 16:51:16.9621616,0,Самогон,1,510,,,
2750,хеннесси из самогона,2022-11-30 16:51:16.9621616,0,Самогон,1,510,,,
331,калькулятор самогонщика расчет голов,2020-10-30 16:33:33.3873817,0,калькулятор самогонщика отбор голов,6,509,30,26,1.15
2751,самогон нижний новгород,2022-11-30 16:51:16.9621616,0,Самогон,1,509,,,
2752,пшеничная брага для самогона,2022-11-30 16:51:16.9621616,0,Самогон,1,509,,,
2753,самогон вред для здоровья,2022-11-30 16:51:16.9621616,0,Самогон,1,509,,,
2754,как сделать приятный вкус самогона,2022-11-30 16:51:16.9621616,0,Самогон,1,509,,,
2755,что добавить в самогон для запаха,2022-11-30 16:51:16.9621616,0,Самогон,1,508,,,
2756,рецепт самогона на флягу 40 литров,2022-11-30 16:51:16.9631581,0,Самогон,1,508,,,
2757,перегонка самогона сырца,2022-11-30 16:51:16.9631581,0,Самогон,1,508,,,
2758,как сделать самогон из варенья,2022-11-30 16:51:16.9631581,0,Самогон,1,508,,,
2759,самогон из сахара спиртовых дрожжей,2022-11-30 16:51:16.9631581,0,Самогон,1,508,,,
2760,разбавление самогона до 40,2022-11-30 16:51:16.9631581,0,Самогон,1,508,,,
2761,самогон в красноярске,2022-11-30 16:51:16.9631581,0,Самогон,1,508,,,
2762,как подготовить бочку для самогона,2022-11-30 16:51:16.9631581,0,Самогон,1,508,,,
2763,турбо дрожжи для самогона отзывы,2022-11-30 16:51:16.9631581,0,Самогон,1,508,,,
2764,хреновуха с медом на самогоне,2022-11-30 16:51:16.9631581,0,Самогон,1,507,,,
2765,самогон через колонну,2022-11-30 16:51:16.9631581,0,Самогон,1,507,,,
2766,вода после перегона самогона,2022-11-30 16:51:16.9631581,0,Самогон,1,506,,,
2767,как правильно поставить самогон на дрожжах,2022-11-30 16:51:16.9631581,0,Самогон,1,505,,,
2768,коньяк из самогона на дубовой щепе,2022-11-30 16:51:16.9631581,0,Самогон,1,505,,,
2769,самогон плюс,2022-11-30 16:51:16.9631581,0,Самогон,1,505,,,
2770,сколько активированного угля для очистки самогона,2022-11-30 16:51:16.9641566,0,Самогон,1,505,,,
2771,самогон на клюкве лучший,2022-11-30 16:51:16.9641566,0,Самогон,1,504,,,
2772,настойка на груше на самогоне,2022-11-30 16:51:16.9641566,0,Самогон,1,504,,,
2773,чем настоять самогон в домашних быстро,2022-11-30 16:51:16.9641566,0,Самогон,1,503,,,
2774,как отфильтровать самогон,2022-11-30 16:51:16.9641566,0,Самогон,1,502,,,
2775,русский самогон песня,2022-11-30 16:51:16.9641566,0,Самогон,1,502,,,
2776,дубовая щепа для самогона купить,2022-11-30 16:51:16.9641566,0,Самогон,1,502,,,
2777,стрижамент самогон,2022-11-30 16:51:16.9641566,0,Самогон,1,502,,,
2778,приготовление лимончелло на самогоне,2022-11-30 16:51:16.9641566,0,Самогон,1,502,,,
2779,самогон на яблоках рецепт в домашних,2022-11-30 16:51:16.9651531,0,Самогон,1,501,,,
2780,виды самогона,2022-11-30 16:51:16.9651531,0,Самогон,1,501,,,
2781,самогон песня скачать бесплатно,2022-11-30 16:51:16.966151,0,Самогон,1,501,,,
2782,петросян самогон,2022-11-30 16:51:16.966151,0,Самогон,1,500,,,
2783,можно продавать самогон,2022-11-30 16:51:41.872374,0,Самогон,1,500,,,
2784,двойной перегон самогона в домашних,2022-11-30 16:51:41.8733735,0,Самогон,1,500,,,
2785,фильтр для самогона макарыч,2022-11-30 16:51:41.8733735,0,Самогон,1,499,,,
2786,чем можно настоять самогон в домашних условиях,2022-11-30 16:51:41.8733735,0,Самогон,1,499,,,
2787,как изготовить самогон,2022-11-30 16:51:41.8733735,0,Самогон,1,499,,,
2788,как просто сделать самогон,2022-11-30 16:51:41.8733735,0,Самогон,1,499,,,
2789,самогон ответственность,2022-11-30 16:51:41.8733735,0,Самогон,1,499,,,
2790,самогон песня вячеслав,2022-11-30 16:51:41.8733735,0,Самогон,1,499,,,
2791,зависимость температуры самогона,2022-11-30 16:51:41.8733735,0,Самогон,1,498,,,
2792,самогон на сухофруктах,2022-11-30 16:51:41.8733735,0,Самогон,1,498,,,
2793,самогон на клубнике,2022-11-30 16:51:41.8743683,0,Самогон,1,498,,,
2794,дрожжи для самогона температура,2022-11-30 16:51:41.8743683,0,Самогон,1,496,,,
2795,как правильно ставить самогон,2022-11-30 16:51:41.8743683,0,Самогон,1,496,,,
2796,вишневый самогон в домашних,2022-11-30 16:51:41.8743683,0,Самогон,1,496,,,
2797,пошаговое приготовление самогона,2022-11-30 16:51:41.8743683,0,Самогон,1,496,,,
2798,какая должна быть брага для самогона,2022-11-30 16:51:41.8743683,0,Самогон,1,496,,,
2799,как смягчить самогон в домашних,2022-11-30 16:51:41.8743683,0,Самогон,1,496,,,
2800,самогон на черной смородине рецепт,2022-11-30 16:51:41.8743683,0,Самогон,1,495,,,
2801,рецепты приготовления лимончелло на самогоне,2022-11-30 16:51:41.8743683,0,Самогон,1,495,,,
2802,рецепт приготовления коньяка из самогона,2022-11-30 16:51:41.8753635,0,Самогон,1,494,,,
2803,разбавление самогона для второго перегона,2022-11-30 16:51:41.8753635,0,Самогон,1,494,,,
2804,самогон без сивушных масел,2022-11-30 16:51:41.8753635,0,Самогон,1,494,,,
2805,самогон из тыквы,2022-11-30 16:51:41.8763617,0,Самогон,1,494,,,
2806,готовность браги для самогона,2022-11-30 16:51:41.8763617,0,Самогон,1,493,,,
2807,как правильно разбавлять самогон до 40,2022-11-30 16:51:41.8773606,0,Самогон,1,492,,,
2808,залив самогона в дубовой бочке,2022-11-30 16:51:41.8773606,0,Самогон,1,492,,,
2809,брага для самогона рецепт на 40,2022-11-30 16:51:41.8783573,0,Самогон,1,491,,,
2810,сделать самогон своими руками,2022-11-30 16:51:41.8783573,0,Самогон,1,491,,,
2811,какая должна быть температура при перегонке самогона,2022-11-30 16:51:41.8783573,0,Самогон,1,491,,,
2812,замерзает самогон,2022-11-30 16:51:41.879354,0,Самогон,1,491,,,
2813,аэрация самогона,2022-11-30 16:51:41.879354,0,Самогон,1,491,,,
2814,разбавление самогона водой для второго перегона,2022-11-30 16:51:41.8803673,0,Самогон,1,490,,,
2815,самогон 19,2022-11-30 16:51:41.8803673,0,Самогон,1,490,,,
2816,второй перегон самогона калькулятор самогонщика,2022-11-30 16:51:41.881349,0,Самогон,1,490,,,
2817,настойка на рябине красной на самогоне,2022-11-30 16:51:41.8853398,0,Самогон,1,490,,,
2818,настойка самогона на лимоне рецепт,2022-11-30 16:51:41.8863358,0,Самогон,1,489,,,
2819,самогон после 2 перегонки,2022-11-30 16:51:41.8863358,0,Самогон,1,489,,,
2820,фильтр очистить самогон,2022-11-30 16:51:41.8863358,0,Самогон,1,489,,,
2821,почему пахнет самогон,2022-11-30 16:51:41.887333,0,Самогон,1,489,,,
2822,при какой температуре капает самогон,2022-11-30 16:51:41.887333,0,Самогон,1,488,,,
2823,залить самогон в дубовую бочку,2022-11-30 16:51:41.887333,0,Самогон,1,488,,,
2824,жара самогон,2022-11-30 16:51:41.8883317,0,Самогон,1,488,,,
2825,самогон на 15 литров,2022-11-30 16:51:41.8883317,0,Самогон,1,488,,,
2826,гр самогон,2022-11-30 16:51:41.8883317,0,Самогон,1,487,,,
2827,анекдот самогон,2022-11-30 16:51:41.8893321,0,Самогон,1,487,,,
2828,сколько нужно угля на литр самогона,2022-11-30 16:51:41.8893321,0,Самогон,1,486,,,
2829,самогон из вишни в домашних условиях,2022-11-30 16:51:41.8893321,0,Самогон,1,486,,,
2830,сырые дрожжи для самогона,2022-11-30 16:51:41.8903258,0,Самогон,1,486,,,
2831,какой уголь для самогона,2022-11-30 16:51:41.8903258,0,Самогон,1,486,,,
2832,настой самогона на гранате,2022-11-30 16:51:41.8903258,0,Самогон,1,486,,,
248,калькулятор спирта и воды,2020-10-30 16:39:24.8369254,0,калькулятор разбавления самогона водой,5,482,238,236,2.47
658,таблица разбавления самогона калькулятор,2020-10-30 16:36:51.8114534,0,таблица разбавления самогона водой калькулятор,55,459,3,3,1.02
187,калькулятор самогона для разведения,2020-10-30 16:36:51.8114534,0,калькулятор разбавления самогона водой,5,456,175,175,2.15
632,таблица разбавления самогона водой калькулятор,2020-10-30 16:36:51.8114534,0,таблица разбавления самогона водой калькулятор,55,452,176,173,2.15
419,калькулятор дробной перегонки спирта,2020-10-30 16:39:24.8369254,0,Калькулятор дробной перегонки спирта-сырца: (вторая перегонка),11,442,19,19,1.13
679,калькулятор самогонщика разбавление самогона водой после первой,2020-10-30 16:33:33.389375,0,Калькулятор дробной перегонки спирта-сырца: (вторая перегонка),11,442,96,96,1.65
249,калькулятор спирта для разведения водой онлайн,2020-10-30 16:39:24.8369254,0,калькулятор разбавления самогона водой,5,436,348,348,3.39
6,алкогольный калькулятор самогонщика,2020-10-30 16:33:33.3903713,0,Все,3,433,284,284,2.97
664,как развести самогон калькулятор,2020-10-30 16:36:51.8114534,0,калькулятор самогонщика разбавление самогона водой после второй,26,420,43,34,1.24
148,калькулятор самогонщика разбавление спирта водой,2020-10-30 16:33:33.3903713,0,калькулятор разбавления самогона водой,5,417,246,246,2.77
332,калькулятор самогонщика расчет голов и хвостов,2020-10-30 16:33:33.3903713,0,калькулятор самогонщика отбор голов,6,414,61,61,1.44
420,дробный калькулятор спирта сырца,2020-10-30 16:39:24.837924,0,Калькулятор дробной перегонки спирта-сырца: (вторая перегонка),11,407,0,0,1.0
421,калькулятор дробной перегонки спирта сырца,2020-10-30 16:39:24.837924,0,Калькулятор дробной перегонки спирта-сырца: (вторая перегонка),11,405,212,192,2.42
576,разбавить спирт до 40 калькулятор,2020-10-30 16:39:24.837924,0,калькулятор водки из спирта,21,401,15,15,1.11
598,калькулятор самогонщика первая перегонка,2020-10-30 16:33:33.3903713,0,калькулятор самогонщика первая перегонка,25,395,1,1,1.01
333,калькулятор самогонщика онлайн хвосты,2020-10-30 16:33:33.3903713,0,калькулятор самогонщика отбор голов,6,386,0,0,1.0
671,спиртовой калькулятор для самогона,2020-10-30 16:36:51.8114534,0,калькулятор разбавления самогона водой,5,386,314,314,3.44
761,смешивание самогона,2022-01-20 15:46:51.3067958,0,Калькулятор смешивания спиртов,18,377,2,2,
334,калькулятор голов и хвостов самогонщика онлайн,2020-10-30 16:33:33.3903713,0,калькулятор самогонщика отбор голов,6,370,21,18,1.15
351,калькулятор голов самогона,2020-10-30 16:36:51.8114534,0,калькулятор самогонщика отбор голов,6,368,21,18,1.15
250,разбавить спирт водой калькулятор онлайн,2020-10-30 16:39:24.837924,0,калькулятор разбавления самогона водой,5,361,27,27,1.22
519,калькулятор смешивания спиртов,2020-10-30 16:39:24.837924,0,Калькулятор смешивания спиртов,18,358,116,76,1.64
388,калькулятор самогонщика онлайн расчет вторая перегонка,2020-10-30 16:33:33.3903713,0,Калькулятор дробной перегонки спирта-сырца: (вторая перегонка),11,357,1,1,1.01
335,калькулятор самогонщика онлайн расчет голов,2020-10-30 16:33:33.3903713,0,калькулятор самогонщика отбор голов,6,347,34,34,1.29
573,разбавить спирт до 40 градусов калькулятор,2020-10-30 16:39:24.837924,0,калькулятор водки из спирта,21,344,28,25,1.22
251,развести спирт водой калькулятор,2020-10-30 16:39:24.837924,0,калькулятор разбавления самогона водой,5,334,90,78,1.7
92,калькулятор пропорций спирта,2020-10-30 16:39:24.837924,0,Все,3,329,1,1,1.01
677,калькулятор крепости спирта,2020-10-30 16:39:24.837924,0,калькулятор абсолютного спирта,19,320,20,15,1.14
440,калькулятор самогонщика погребок,2020-10-30 16:33:33.3903713,0,конкуренты,12,311,68,68,1.66
252,калькулятор онлайн расчет разбавить спирт водой,2020-10-30 16:39:24.837924,0,калькулятор разбавления самогона водой,5,309,5,5,1.05
149,калькулятор самогонщика онлайн расчет разбавить спирт водой,2020-10-30 16:33:33.3903713,0,калькулятор разбавления самогона водой,5,305,220,220,3.16
531,калькулятор абсолютного спирта,2020-10-30 16:39:24.837924,0,калькулятор абсолютного спирта,19,301,120,76,1.76
189,самогонный калькулятор разбавления самогона,2020-10-30 16:36:51.8114534,0,калькулятор разбавления самогона водой,5,295,75,75,1.76
336,калькулятор самогонщика онлайн расчет голов и хвостов,2020-10-30 16:33:33.3903713,0,калькулятор самогонщика отбор голов,6,293,179,179,2.83
580,разбавить спирт водой до 40 калькулятор,2020-10-30 16:39:24.8389204,0,калькулятор водки из спирта,21,292,12,12,1.12
441,калькулятор онлайн самогонщика русская,2020-10-30 16:33:33.3903713,0,конкуренты,12,286,1,1,1.01
70,калькулятор крепости самогона,2020-10-30 16:36:51.8114534,0,Все,3,281,28,26,1.28
577,разбавить спирт водой до 40 градусов калькулятор,2020-10-30 16:39:24.8389204,0,калькулятор водки из спирта,21,263,14,14,1.16
190,калькулятор самогона для разведения водой,2020-10-30 16:37:22.0596721,0,калькулятор разбавления самогона водой,5,254,186,186,3.2
376,развести спирт до 40 градусов калькулятор,2020-10-30 16:39:24.8389204,0,развести самогон или спирт до 40 градусов калькулятор,9,246,42,42,1.51
639,разбавить спирт водой калькулятор таблица,2020-10-30 16:39:24.8389204,0,таблица разбавления самогона водой калькулятор,55,245,21,21,1.26
7,калькулятор самогонщика онлайн расчет важных,2020-10-30 16:33:33.3913689,0,Все,3,229,43,43,1.56
8,калькулятор самогонщика расчет важных параметров,2020-10-30 16:33:33.3913689,0,Все,3,228,19,19,1.25
191,самогонный калькулятор разбавления самогона водой,2020-10-30 16:37:22.061667,0,калькулятор разбавления самогона водой,5,227,140,140,2.85
464,русский самогон калькулятор,2020-10-30 16:37:22.061667,0,конкуренты,12,225,3,3,1.04
442,калькулятор самогонщика calcsam,2020-10-30 16:33:33.3913689,0,конкуренты,12,214,135,135,2.89
590,развести спирт до 70 калькулятор,2020-10-30 16:39:24.8389204,0,развести спирт до 70 калькулятор,23,211,0,0,1.0
704,разбавить самогон водой калькулятор для второго,2020-10-30 16:37:22.0626649,0,Калькулятор дробной перегонки спирта-сырца: (вторая перегонка),11,211,0,0,1.0
389,калькулятор самогонщика вторая перегонка отбор,2020-10-30 16:33:33.3913689,0,Калькулятор дробной перегонки спирта-сырца: (вторая перегонка),11,209,0,0,1.0
374,развести самогон до 40 градусов калькулятор,2020-10-30 16:37:22.0626649,0,развести самогон или спирт до 40 градусов калькулятор,9,204,32,32,1.47
337,калькулятор самогонщика вторая перегонка отбор голов,2020-10-30 16:33:33.3913689,0,калькулятор самогонщика отбор голов,6,202,59,59,1.88
591,развести спирт до 70 градусов калькулятор,2020-10-30 16:39:24.8389204,0,развести спирт до 70 калькулятор,23,201,105,105,2.57
150,калькулятор самогонщика расчет разбавления,2020-10-30 16:33:33.3913689,0,калькулятор разбавления самогона водой,5,199,27,27,1.41
422,калькулятор второй перегонки спирта,2020-10-30 16:39:24.8389204,0,Калькулятор дробной перегонки спирта-сырца: (вторая перегонка),11,198,5,5,1.08
443,калькулятор самогонщика 24,2020-10-30 16:33:33.3913689,0,конкуренты,12,195,5,5,1.08
496,калькулятор самогонщика на андроид,2020-10-30 16:33:33.3913689,0,приложение,17,194,12,12,1.19
9,калькулятор самогонщика таблица,2020-10-30 16:33:33.3923672,0,Все,3,190,47,44,1.69
338,калькулятор самогонщика отбор голов и хвостов,2020-10-30 16:33:33.3923672,0,калькулятор самогонщика отбор голов,6,189,54,49,1.78
444,калькулятор самогонщика 24 погребок,2020-10-30 16:33:33.3923672,0,конкуренты,12,185,110,110,2.78
708,смешивание спиртов разной крепости,2022-01-20 09:49:38.3806838,0,Калькулятор смешивания спиртов,18,184,10,6,
476,калькулятор брага спирт,2020-10-30 16:39:24.8389204,0,спирт из браги,13,182,0,0,1.0
10,калькулятор самогонщика онлайн расчет важных параметров,2020-10-30 16:33:33.3923672,0,Все,3,180,137,137,3.28
192,калькулятор разбавления самогона водой онлайн бесплатно,2020-10-30 16:37:22.0636621,0,калькулятор разбавления самогона водой,5,178,177,177,3.98
497,калькулятор самогонщика для пк,2020-10-30 16:33:33.3923672,0,приложение,17,177,0,0,1.0
660,таблица разведения спиртов калькулятор,2020-10-30 16:39:51.2573332,0,таблица разбавления самогона водой калькулятор,55,175,0,0,1.0
673,спиртовой калькулятор для спирта,2020-10-30 16:39:51.2563341,0,калькулятор разбавления самогона водой,5,175,153,153,3.62
377,как развести спирт до 40 калькулятор,2020-10-30 16:39:51.2583305,0,развести самогон или спирт до 40 градусов калькулятор,9,173,14,14,1.24
423,калькулятор выхода спирта,2020-10-30 16:39:51.2583305,0,Калькулятор дробной перегонки спирта-сырца: (вторая перегонка),11,171,9,6,1.11
546,калькулятор температуры самогона,2020-10-30 16:37:22.0636621,0,калькулятор спирта от температуры,20,169,0,0,1.0
11,лучший калькулятор самогонщика,2020-10-30 16:33:33.3923672,0,Все,3,158,35,35,1.66
375,как развести самогон до 40 калькулятор,2020-10-30 16:37:22.0646637,0,развести самогон или спирт до 40 градусов калькулятор,9,157,12,12,1.23
644,таблица разбавления спирта калькулятор,2020-10-30 16:39:51.2583305,0,таблица разбавления самогона водой калькулятор,55,157,15,15,1.29
12,калькулятор самогонщика 4.4,2020-10-30 16:33:33.3933688,0,Все,3,156,1,1,1.02
151,калькулятор самогонщика разбавление самогона водой скачать,2020-10-30 16:33:33.3933688,0,калькулятор разбавления самогона водой,5,156,5,5,1.1
549,калькулятор спирта от температуры,2020-10-30 16:39:51.2583305,0,калькулятор спирта от температуры,20,148,33,24,1.49
603,разбавить самогон водой калькулятор после второй перегонки,2020-10-30 16:37:22.0646637,0,калькулятор самогонщика разбавление самогона водой после второй,26,145,40,40,1.83
193,калькулятор расчета разбавления самогона,2020-10-30 16:37:22.0646637,0,калькулятор разбавления самогона водой,5,141,5,5,1.11
778,смешивание самогона с водой,2022-01-20 15:46:51.310754,0,калькулятор разбавления самогона водой,5,141,,,
445,калькулятор самогонщика онлайн погребок,2020-10-30 16:33:33.3933688,0,конкуренты,12,136,51,51,2.12
520,калькулятор спиртов разной крепости,2020-10-30 16:39:51.2583305,0,Калькулятор смешивания спиртов,18,136,0,0,1.0
650,таблица разбавления спирта водой калькулятор,2020-10-30 16:39:51.2583305,0,таблица разбавления самогона водой калькулятор,55,136,8,6,1.13
667,калькулятор самогонщика развести,2020-10-30 16:33:33.3933688,0,калькулятор самогонщика разбавление самогона водой после второй,26,135,10,10,1.22
194,калькулятор расчета разбавления самогона водой,2020-10-30 16:37:22.0646637,0,калькулятор разбавления самогона водой,5,132,5,5,1.11
339,калькулятор самогонщика отбор голов онлайн,2020-10-30 16:33:33.3933688,0,калькулятор самогонщика отбор голов,6,129,16,16,1.37
152,калькулятор самогонщика расчет разбавления самогона,2020-10-30 16:33:33.3933688,0,калькулятор разбавления самогона водой,5,128,5,5,1.12
71,калькулятор пропорций самогона,2020-10-30 16:37:22.0646637,0,Все,3,126,0,0,1.0
72,домашний самогон калькулятор,2020-10-30 16:37:22.0646637,0,Все,3,125,0,0,1.0
195,онлайн калькулятор разведения самогона,2020-10-30 16:37:22.0646637,0,калькулятор разбавления самогона водой,5,125,25,25,1.6
95,калькулятор градусов спирта онлайн,2020-10-30 16:39:51.2583305,0,Все,3,123,4,4,1.1
406,калькулятор перегона самогона,2020-10-30 16:37:22.0656576,0,Калькулятор дробной перегонки спирта-сырца: (вторая перегонка),11,123,5,5,1.12
153,калькулятор самогонщика расчет разбавления самогона водой,2020-10-30 16:33:33.3933688,0,калькулятор разбавления самогона водой,5,122,45,45,2.11
390,калькулятор самогонщика дробная,2020-10-30 16:33:33.3933688,0,Калькулятор дробной перегонки спирта-сырца: (вторая перегонка),11,122,1,0,1.0
563,калькулятор водки из спирта,2020-10-30 16:39:51.2583305,0,калькулятор водки из спирта,21,122,37,30,1.74
521,калькулятор смешивания спиртов разной крепости,2020-10-30 16:39:51.2593272,0,Калькулятор смешивания спиртов,18,121,100,82,3.03
663,калькулятор самогонщика развести самогон,2020-10-30 16:33:33.3933688,0,калькулятор самогонщика разбавление самогона водой после второй,26,121,80,80,2.98
446,колба калькулятор самогонщика,2020-10-30 16:33:33.3933688,0,конкуренты,12,120,104,104,3.6
643,таблица разведения самогона водой калькулятор,2020-10-30 16:37:22.0656576,0,таблица разбавления самогона водой калькулятор,55,118,17,14,1.36
391,калькулятор самогонщика дробная перегонка,2020-10-30 16:33:33.3933688,0,Калькулятор дробной перегонки спирта-сырца: (вторая перегонка),11,117,47,41,2.05
633,разбавить самогон водой таблица онлайн калькулятор,2020-10-30 16:37:22.0656576,0,таблица разбавления самогона водой калькулятор,55,116,125,125,4.23
710,таблица смешивания спирта,2022-01-20 09:49:38.3806838,0,Калькулятор смешивания спиртов,18,116,7,10,
73,калькулятор выхода самогона,2020-10-30 16:37:22.0656576,0,Все,3,114,7,7,1.18
465,калькулятор самогонщика брага,2020-10-30 16:34:03.2014312,0,спирт из браги,13,110,6,3,1.08
15,справочник самогонщика калькулятор,2020-10-30 16:34:03.2014312,0,Все,3,109,41,41,2.13
198,как правильно разбавить самогон калькулятор,2020-10-30 16:37:22.0656576,0,калькулятор разбавления самогона водой,5,109,1,1,1.03
392,калькулятор самогонщика сырец,2020-10-30 16:34:03.2014312,0,Калькулятор дробной перегонки спирта-сырца: (вторая перегонка),11,108,0,0,1.0
365,расчет голов в спирте сырце калькулятор,2020-10-30 16:39:51.2593272,0,калькулятор самогонщика отбор голов,6,106,100,100,3.83
424,калькулятор перегонки спирта сырца онлайн,2020-10-30 16:39:51.2593272,0,Калькулятор дробной перегонки спирта-сырца: (вторая перегонка),11,104,16,16,1.46
199,как правильно разбавить самогон водой калькулятор,2020-10-30 16:37:22.0656576,0,калькулятор разбавления самогона водой,5,103,12,12,1.35
393,калькулятор самогонщика спирт сырец,2020-10-30 16:34:03.2014312,0,Калькулятор дробной перегонки спирта-сырца: (вторая перегонка),11,103,4,4,1.12
200,калькулятор разведения самогона водой в зависимости,2020-10-30 16:37:22.0656576,0,калькулятор разбавления самогона водой,5,102,1,1,1.03
638,таблица разведения спирта водой калькулятор,2020-10-30 16:39:51.2593272,0,таблица разбавления самогона водой калькулятор,55,102,24,20,1.59
96,алкогольный калькулятор спирт,2020-10-30 16:39:51.2593272,0,Все,3,98,1,1,1.03
201,формула разбавления самогона водой калькулятор,2020-10-30 16:37:22.0656576,0,калькулятор разбавления самогона водой,5,98,72,71,3.17
202,формула разбавления самогона калькулятор,2020-10-30 16:37:22.0656576,0,калькулятор разбавления самогона водой,5,98,0,0,1.0
477,калькулятор выхода спирта из браги,2020-10-30 16:39:51.2593272,0,спирт из браги,13,98,20,11,1.34
394,калькулятор самогонщика онлайн вторая перегонка отбор,2020-10-30 16:34:03.2014312,0,Калькулятор дробной перегонки спирта-сырца: (вторая перегонка),11,97,8,8,1.25
680,как разбавить самогон для второй перегонки калькулятор,2020-10-30 16:37:22.0656576,0,Калькулятор дробной перегонки спирта-сырца: (вторая перегонка),11,93,60,60,2.94
656,калькулятор самогонщика разбавление таблица,2020-10-30 16:34:03.2014312,0,таблица разбавления самогона водой калькулятор,55,91,3,0,1.0
340,калькулятор самогонщика онлайн вторая перегонка отбор голов,2020-10-30 16:34:03.2014312,0,калькулятор самогонщика отбор голов,6,90,10,10,1.33
642,таблица разбавления самогона водой калькулятор онлайн,2020-10-30 16:37:22.0666542,0,таблица разбавления самогона водой калькулятор,55,90,19,19,1.63
777,смешивание воды и спирта объем,2022-01-20 09:49:38.3806838,0,калькулятор разбавления самогона водой,5,90,0,0,
155,калькулятор самогонщика онлайн разбавление спирта,2020-10-30 16:34:03.2014312,0,калькулятор разбавления самогона водой,5,89,7,7,1.24
407,калькулятор второго перегона самогона,2020-10-30 16:37:22.0666542,0,Калькулятор дробной перегонки спирта-сырца: (вторая перегонка),11,89,14,11,1.37
665,развести спирт калькулятор онлайн,2020-10-30 16:39:51.2593272,0,калькулятор самогонщика разбавление самогона водой после второй,26,88,32,32,2.09
447,калькулятор самогонщика онлайн 24,2020-10-30 16:34:03.2014312,0,конкуренты,12,87,5,5,1.17
700,разбавить спирт сырец калькулятор,2020-10-30 16:39:51.2603243,0,Калькулятор дробной перегонки спирта-сырца: (вторая перегонка),11,86,2,2,1.07
703,калькулятор спирта сырца для второй,2020-10-30 16:39:51.2603243,0,Калькулятор дробной перегонки спирта-сырца: (вторая перегонка),11,86,0,0,1.0
156,калькулятор самогонщика как разбавить водой,2020-10-30 16:34:03.2024293,0,калькулятор разбавления самогона водой,5,85,0,0,1.0
205,разведение самогона водой калькулятор онлайн,2020-10-30 16:37:22.0666542,0,калькулятор разбавления самогона водой,5,85,45,28,1.99
259,спирт и вода пропорции калькулятор,2020-10-30 16:39:51.2603243,0,калькулятор разбавления самогона водой,5,85,19,10,1.35
498,калькулятор самогонщика на компьютер,2020-10-30 16:34:03.2014312,0,приложение,17,85,0,0,1.0
641,самогонный калькулятор разбавления самогона водой таблица,2020-10-30 16:37:22.0666542,0,таблица разбавления самогона водой калькулятор,55,85,20,20,1.71
16,калькулятор алкоголя самогонщика,2020-10-30 16:34:03.2024293,0,Все,3,83,5,5,1.18
206,самогонный калькулятор разбавления самогона водой онлайн,2020-10-30 16:37:22.0676526,0,калькулятор разбавления самогона водой,5,82,11,11,1.4
448,погребок 24 калькулятор самогонщика онлайн,2020-10-30 16:34:03.203433,0,конкуренты,12,82,81,81,3.96
634,таблица разбавления самогона водой калькулятор самогонщика расчет,2020-10-30 16:34:03.2024293,0,таблица разбавления самогона водой калькулятор,55,82,72,72,3.63
688,калькулятор спирта сырца для второй перегонки,2020-10-30 16:39:51.2603243,0,Калькулятор дробной перегонки спирта-сырца: (вторая перегонка),11,82,16,16,1.59
539,калькулятор самогонщика с поправкой на температуру,2020-10-30 16:34:03.203433,0,калькулятор спирта от температуры,20,81,33,33,2.22
547,калькулятор крепости самогона от температуры,2020-10-30 16:37:22.0676526,0,калькулятор спирта от температуры,20,81,35,35,2.3
158,калькулятор самогонщика как разбавить водой самогон,2020-10-30 16:34:03.203433,0,калькулятор разбавления самогона водой,5,80,50,50,2.87
425,калькулятор выхода спирта из спирта сырца,2020-10-30 16:39:51.2603243,0,Калькулятор дробной перегонки спирта-сырца: (вторая перегонка),11,80,55,20,1.75
499,приложение калькулятор самогонщика,2020-10-30 16:34:03.203433,0,приложение,17,80,22,21,1.79
713,пропорции смешивания спирта,2022-01-20 09:49:38.3816864,0,Калькулятор смешивания спиртов,18,80,2,2,
759,смешивание этилового спирта с водой,2022-01-20 09:49:38.3816864,0,калькулятор разбавления самогона водой,5,80,0,0,
17,калькулятор самогонщика сколько,2020-10-30 16:34:03.203433,0,Все,3,79,1,1,1.04
260,спирт разбавить водой пропорции калькулятор,2020-10-30 16:39:51.2603243,0,калькулятор разбавления самогона водой,5,79,16,16,1.61
540,калькулятор самогонщика по температуре,2020-10-30 16:34:03.203433,0,калькулятор спирта от температуры,20,77,34,34,2.32
159,калькулятор самогонщика онлайн разбавление спирта водой,2020-10-30 16:34:03.203433,0,калькулятор разбавления самогона водой,5,76,77,77,4.04
775,почему при смешивании воды и спирта,2022-01-20 09:49:38.3816864,0,калькулятор разбавления самогона водой,5,75,1,1,
207,алкогольный калькулятор разбавление самогона,2020-10-30 16:37:22.0676526,0,калькулятор разбавления самогона водой,5,74,38,38,2.54
696,калькулятор разбавления спирта сырца,2020-10-30 16:39:51.2613223,0,Калькулятор дробной перегонки спирта-сырца: (вторая перегонка),11,73,4,3,1.12
98,калькулятор крепости спирта в зависимости,2020-10-30 16:39:51.2613223,0,Все,3,72,0,0,1.0
532,абсолютный спирт расчет калькулятор,2020-10-30 16:39:51.2613223,0,калькулятор абсолютного спирта,19,72,29,23,1.96
636,таблица фертмана разведения спирта калькулятор,2020-10-30 16:39:51.2613223,0,таблица разбавления самогона водой калькулятор,55,71,70,70,3.96
426,калькулятор дробной перегонки спирта сырца онлайн,2020-10-30 16:39:51.2613223,0,Калькулятор дробной перегонки спирта-сырца: (вторая перегонка),11,70,69,62,3.66
635,самогонный калькулятор разбавления самогона водой таблица онлайн,2020-10-30 16:37:22.0676526,0,таблица разбавления самогона водой калькулятор,55,70,72,72,4.09
533,калькулятор абсолютного спирта в сырце,2020-10-30 16:39:51.2613223,0,калькулятор абсолютного спирта,19,69,9,9,1.39
534,калькулятор чистого спирта,2020-10-30 16:39:51.2613223,0,калькулятор абсолютного спирта,19,69,16,15,1.65
659,таблица спирта с водой калькулятор,2020-10-30 16:39:51.2613223,0,таблица разбавления самогона водой калькулятор,55,69,2,2,1.09
674,справочник самогонщика калькулятор крепости,2020-10-30 16:34:03.203433,0,калькулятор абсолютного спирта,19,69,75,75,4.26
99,калькулятор спирта в граммах,2020-10-30 16:39:51.2613223,0,Все,3,68,4,1,1.04
369,калькулятор себестоимости самогона,2020-10-30 16:37:22.0676526,0,калькулятор себестоимости самогона,7,68,3,3,1.13
209,развести самогон водой калькулятор онлайн,2020-10-30 16:37:22.0676526,0,калькулятор разбавления самогона водой,5,67,70,70,4.13
478,калькулятор спирта сырца из браги,2020-10-30 16:39:51.2613223,0,спирт из браги,13,66,1,1,1.05
19,помощник самогонщика калькулятор,2020-10-30 16:34:03.2044249,0,Все,3,64,34,34,2.59
744,смешивание спирта с водой калькулятор,2020-10-30 16:39:51.2613223,0,калькулятор разбавления самогона водой,5,64,64,41,2.92
74,алкогольный калькулятор для самогона,2020-10-30 16:37:49.0121076,0,Все,3,63,9,9,1.43
265,калькулятор перевода спирта,2020-10-30 16:39:51.2613223,0,калькулятор разбавления самогона водой,5,63,4,3,1.14
651,развести самогон водой калькулятор таблица,2020-10-30 16:37:49.0091185,0,таблица разбавления самогона водой калькулятор,55,63,7,7,1.33
654,таблица фертмана для разбавления спирта водой калькулятор,2020-10-30 16:39:51.2613223,0,таблица разбавления самогона водой калькулятор,55,63,5,5,1.24
550,калькулятор коррекции спирта,2020-10-30 16:39:51.2613223,0,калькулятор спирта от температуры,20,62,14,13,1.63
676,спиртовой калькулятор для самогона онлайн,2020-10-30 16:37:49.0121076,0,калькулятор разбавления самогона водой,5,61,28,28,2.38
267,калькулятор развода спирта,2020-10-30 16:39:51.2613223,0,калькулятор разбавления самогона водой,5,60,11,11,1.55
595,как пользоваться калькулятором самогонщика,2020-10-30 16:34:03.209409,0,как пользоваться калькулятором самогонщика,24,60,41,35,2.75
579,калькулятор разбавления самогона до 40,2020-10-30 16:37:49.0121076,0,калькулятор водки из спирта,21,59,13,13,1.66
211,как разбавить самогон калькулятор онлайн,2020-10-30 16:37:49.0121076,0,калькулятор разбавления самогона водой,5,58,6,6,1.31
479,выход спирта сырца из браги калькулятор,2020-10-30 16:39:51.2623205,0,спирт из браги,13,57,35,29,2.53
100,калькулятор процентов спирта,2020-10-30 16:39:51.2623205,0,Все,3,56,13,9,1.48
101,калькулятор получения спирта,2020-10-30 16:39:51.2623205,0,Все,3,56,0,0,1.0
212,формула разведения самогона водой калькулятор,2020-10-30 16:37:49.0121076,0,калькулятор разбавления самогона водой,5,56,59,59,4.16
370,себестоимость самогона в домашних условиях калькулятор,2020-10-30 16:37:49.0121076,0,калькулятор себестоимости самогона,7,56,57,57,4.05
102,калькулятор алкоголя спирта,2020-10-30 16:39:51.2623205,0,Все,3,55,1,0,1.0
352,калькулятор отбора голов самогона,2020-10-30 16:37:49.0121076,0,калькулятор самогонщика отбор голов,6,55,31,28,2.53
103,калькулятор содержания спирта,2020-10-30 16:40:21.7508318,0,Все,3,54,10,9,1.5
123,калькулятор винокура и самогонщика,2020-10-30 16:34:03.209409,0,Главная,4,54,24,24,2.33
268,калькулятор спирта для разведения водой онлайн бесплатно,2020-10-30 16:40:21.7508318,0,калькулятор разбавления самогона водой,5,54,20,20,2.11
427,калькулятор отбора спирта,2020-10-30 16:40:21.7468429,0,Калькулятор дробной перегонки спирта-сырца: (вторая перегонка),11,54,0,0,1.0
645,как развести самогон водой калькулятор таблица пропорции,2020-10-30 16:37:49.0121076,0,таблица разбавления самогона водой калькулятор,55,54,10,10,1.56
408,дробная перегонка самогона калькулятор,2020-10-30 16:37:49.0121076,0,Калькулятор дробной перегонки спирта-сырца: (вторая перегонка),11,53,26,14,1.79
517,калькулятор смешивания самогона,2020-10-30 16:37:49.0131051,0,Калькулятор смешивания спиртов,18,53,4,4,1.23
571,спирт разбавить водой пропорции 40 калькулятор,2020-10-30 16:40:21.7508318,0,калькулятор водки из спирта,21,53,50,50,3.83
746,при смешивании этилового спирта с водой происходит,2022-01-20 09:49:38.3816864,0,калькулятор разбавления самогона водой,5,53,39,38,
20,калькулятор самогонщика какой лучше,2020-10-30 16:34:03.209409,0,Все,3,52,11,11,1.63
698,калькулятор самогонщика разбавление сырца,2020-10-30 16:34:03.209409,0,Калькулятор дробной перегонки спирта-сырца: (вторая перегонка),11,52,3,3,1.17
747,таблица смешивания спирта с водой,2022-01-20 09:49:38.3816864,0,калькулятор разбавления самогона водой,5,52,38,36,
21,алкогольный калькулятор самогонщика онлайн,2020-10-30 16:34:03.209409,0,Все,3,51,16,16,1.94
104,рассчитать спирт калькулятор,2020-10-30 16:40:21.7518291,0,Все,3,51,6,6,1.35
269,калькулятор соотношения спирта и воды,2020-10-30 16:40:21.7518291,0,калькулятор разбавления самогона водой,5,51,3,1,1.06
472,калькулятор выхода самогона из браги,2020-10-30 16:37:49.0131051,0,спирт из браги,13,50,28,15,1.9
270,калькулятор расчета разбавления спирта,2020-10-30 16:40:21.7518291,0,калькулятор разбавления самогона водой,5,49,2,2,1.12
271,калькулятор разбавления спирта с водой по градусам,2020-10-30 16:40:21.7518291,0,калькулятор разбавления самогона водой,5,47,18,18,2.15
353,количество голов в самогоне калькулятор,2020-10-30 16:37:49.0131051,0,калькулятор самогонщика отбор голов,6,47,38,38,3.42
395,калькулятор самогонщика вторая перегонка спирта сырца,2020-10-30 16:34:03.209409,0,Калькулятор дробной перегонки спирта-сырца: (вторая перегонка),11,47,6,5,1.32
699,калькулятор самогонщика разбавление спирта сырца,2020-10-30 16:34:03.209409,0,Калькулятор дробной перегонки спирта-сырца: (вторая перегонка),11,47,2,2,1.13
770,при смешивании воды и спирта происходит,2022-01-20 09:49:38.3816864,0,калькулятор разбавления самогона водой,5,47,14,11,
22,алко калькулятор самогонщика,2020-10-30 16:34:03.209409,0,Все,3,46,43,43,3.8
105,калькулятор спирт сахар,2020-10-30 16:40:21.7518291,0,Все,3,46,4,2,1.13
682,как развести самогон для второй перегонки калькулятор,2020-10-30 16:37:49.0131051,0,Калькулятор дробной перегонки спирта-сырца: (вторая перегонка),11,46,28,28,2.83
763,таблица смешивания самогона,2022-01-20 15:46:51.3117502,0,Калькулятор смешивания спиртов,18,46,14,14,
214,калькулятор самогона и воды,2020-10-30 16:37:49.0131051,0,калькулятор разбавления самогона водой,5,45,18,17,2.13
354,рассчитать головы в самогоне калькулятор,2020-10-30 16:37:49.0141026,0,калькулятор самогонщика отбор голов,6,45,29,29,2.93
587,калькулятор этилового спирта,2020-10-30 16:40:21.7528265,0,калькулятор этилового спирта,22,44,4,3,1.2
23,калькулятор самогонщика и нет нам покоя,2020-10-30 16:34:29.6536386,0,Все,3,43,20,20,2.39
466,калькулятор самогонщика онлайн брага,2020-10-30 16:34:29.6356869,0,спирт из браги,13,43,3,2,1.14
272,алкогольный калькулятор разбавление спирта,2020-10-30 16:40:21.7528265,0,калькулятор разбавления самогона водой,5,42,17,15,2.07
273,разводим спирт правильно калькулятор,2020-10-30 16:40:21.7528265,0,калькулятор разбавления самогона водой,5,42,5,5,1.36
428,калькулятор дробной перегонки спирта сырца русская,2020-10-30 16:40:21.7528265,0,Калькулятор дробной перегонки спирта-сырца: (вторая перегонка),11,42,0,0,1.0
76,калькулятор спирта самогона,2020-10-30 16:37:49.0141026,0,Все,3,40,0,0,1.0
274,сколько воды добавить в спирт калькулятор,2020-10-30 16:40:21.7528265,0,калькулятор разбавления самогона водой,5,40,8,8,1.6
500,калькулятор самогонщика программа,2020-10-30 16:34:29.6536386,0,приложение,17,40,12,11,1.82
548,крепость самогона в зависимости от температуры калькулятор,2020-10-30 16:37:49.0141026,0,калькулятор спирта от температуры,20,40,40,40,4.0
551,коррекция спирта по температуре калькулятор,2020-10-30 16:40:21.7528265,0,калькулятор спирта от температуры,20,40,36,21,2.57
751,смешивание спирта с водой реакция,2022-01-20 09:49:38.3816864,0,калькулятор разбавления самогона водой,5,40,8,5,
106,калькулятор объема спирта,2020-10-30 16:40:21.7538232,0,Все,3,39,2,2,1.15
275,разбавить спирт до 70 градусов калькулятор,2020-10-30 16:40:21.7538232,0,калькулятор разбавления самогона водой,5,39,4,4,1.31
341,калькулятор самогонщика голова тело,2020-10-30 16:34:29.6546374,0,калькулятор самогонщика отбор голов,6,39,1,1,1.08
473,калькулятор браги для самогона,2020-10-30 16:37:49.0141026,0,спирт из браги,13,39,13,13,2.0
522,калькулятор смешения спиртов,2020-10-30 16:40:21.7538232,0,Калькулятор смешивания спиртов,18,39,8,5,1.38
586,разведение спирта до 40 градусов калькулятор,2020-10-30 16:40:21.7538232,0,калькулятор водки из спирта,21,39,8,8,1.61
719,почему уменьшается объем при смешивании спирта,2022-01-20 09:49:38.3816864,0,Калькулятор смешивания спиртов,18,39,0,0,
396,калькулятор самогонщика второй перегон,2020-10-30 16:34:29.6546374,0,Калькулятор дробной перегонки спирта-сырца: (вторая перегонка),11,38,11,8,1.63
489,калькулятор спирта в пиве,2020-10-30 16:40:21.7548211,0,калькулятор спирта в пиве,15,38,9,6,1.47
492,вес спирта калькулятор,2020-10-30 16:40:21.7548211,0,перевести кг спирта в литры,16,38,9,8,1.63
501,калькулятор самогонщика на айфон,2020-10-30 16:34:29.6546374,0,приложение,17,38,0,0,1.0
681,разбавить самогон водой калькулятор для второго перегона,2020-10-30 16:37:49.0141026,0,Калькулятор дробной перегонки спирта-сырца: (вторая перегонка),11,38,37,36,3.84
355,калькулятор хвостов и голов самогона,2020-10-30 16:37:49.0141026,0,калькулятор самогонщика отбор голов,6,37,15,14,2.13
529,калькулятор самогонщика абсолютный спирт,2020-10-30 16:34:29.6546374,0,калькулятор абсолютного спирта,19,37,5,5,1.41
720,формул смешивание спиртов,2022-01-20 09:49:38.3816864,0,Калькулятор смешивания спиртов,18,37,4,0,
342,калькулятор самогонщика голова тело хвост,2020-10-30 16:34:29.6546374,0,калькулятор самогонщика отбор голов,6,36,5,4,1.33
502,калькулятор самогонщика excel,2020-10-30 16:34:29.6556339,0,приложение,17,36,30,30,3.5
514,калькулятор самогонщика смешивание,2020-10-30 16:34:29.6556339,0,Калькулятор смешивания спиртов,18,36,0,0,1.0
581,калькулятор разбавления самогона до 40 градусов,2020-10-30 16:37:49.0141026,0,калькулятор водки из спирта,21,36,9,9,1.75
409,вторая перегонка самогона какая пропорция калькулятор,2020-10-30 16:37:49.0141026,0,Калькулятор дробной перегонки спирта-сырца: (вторая перегонка),11,35,8,8,1.69
637,таблица разбавления спирта водой онлайн калькулятор,2020-10-30 16:40:21.7548211,0,таблица разбавления самогона водой калькулятор,55,35,34,34,3.91
675,спиртовой калькулятор для самогона онлайн бесплатно,2020-10-30 16:37:49.0141026,0,калькулятор разбавления самогона водой,5,35,39,39,4.34
24,правильный калькулятор самогонщика,2020-10-30 16:34:29.6556339,0,Все,3,34,6,6,1.53
215,калькулятор разбавки самогона,2020-10-30 16:37:49.0141026,0,калькулятор разбавления самогона водой,5,34,18,11,1.97
378,развести спирт до 40 градусов пропорции калькулятор,2020-10-30 16:40:21.7558186,0,развести самогон или спирт до 40 градусов калькулятор,9,34,7,7,1.62
25,алкогольный калькулятор самогонщика онлайн расчет,2020-10-30 16:34:29.6556339,0,Все,3,33,42,42,4.82
107,раствор спирта калькулятор,2020-10-30 16:40:21.7568175,0,Все,3,33,2,1,1.09
356,калькулятор расчета голов самогона,2020-10-30 16:37:49.0150994,0,калькулятор самогонщика отбор голов,6,33,4,4,1.36
410,выход самогона при второй перегонке калькулятор,2020-10-30 16:37:49.0141026,0,Калькулятор дробной перегонки спирта-сырца: (вторая перегонка),11,33,36,33,4.0
467,калькулятор самогонщика расчет браги,2020-10-30 16:34:29.6556339,0,спирт из браги,13,33,5,5,1.45
535,калькулятор абсолютного спирта онлайн,2020-10-30 16:40:21.7568175,0,калькулятор абсолютного спирта,19,33,6,5,1.45
701,разбавление спирта сырца водой калькулятор,2020-10-30 16:40:21.7558186,0,Калькулятор дробной перегонки спирта-сырца: (вторая перегонка),11,33,2,1,1.09
705,калькулятор второй перегонки спирта сырца разбавление,2020-10-30 16:40:21.7558186,0,Калькулятор дробной перегонки спирта-сырца: (вторая перегонка),11,33,0,0,1.0
108,калькулятор расчета градусов спирта,2020-10-30 16:40:21.7568175,0,Все,3,32,2,1,1.09
503,лучший калькулятор самогонщика для андроид,2020-10-30 16:34:29.6556339,0,приложение,17,32,16,14,2.31
588,калькулятор плотности спирта,2020-10-30 16:40:21.7568175,0,калькулятор этилового спирта,22,32,3,1,1.09
216,разбовлени4 самогона калькулятор,2020-10-30 16:37:49.0150994,0,калькулятор разбавления самогона водой,5,31,32,32,4.1
504,калькулятор самогонщика установить,2020-10-30 16:34:29.6556339,0,приложение,17,31,7,7,1.68
564,пропорция спирта и воды для водки калькулятор,2020-10-30 16:40:21.7568175,0,калькулятор водки из спирта,21,31,15,13,2.26
697,калькулятор разведения спирта сырца,2020-10-30 16:40:21.7568175,0,Калькулятор дробной перегонки спирта-сырца: (вторая перегонка),11,31,4,2,1.19
721,смешивания двух спирта,2022-01-20 09:49:38.3826824,0,Калькулятор смешивания спиртов,18,31,3,0,
26,калькулятор самогонщика дрожжи,2020-10-30 16:34:29.660619,0,Все,3,30,4,4,1.4
78,калькулятор градусов самогона онлайн,2020-10-30 16:37:49.0150994,0,Все,3,30,1,1,1.1
109,спиртовой калькулятор для спирта онлайн,2020-10-30 16:40:21.7568175,0,Все,3,30,30,30,4.0
523,калькулятор смешанных спиртов,2020-10-30 16:40:21.7568175,0,Калькулятор смешивания спиртов,18,29,0,0,1.0
530,калькулятор самогонщика расчет абсолютного спирта,2020-10-30 16:34:29.660619,0,калькулятор абсолютного спирта,19,29,30,30,4.1
552,калькулятор спирта в зависимости от температуры,2020-10-30 16:40:21.7568175,0,калькулятор спирта от температуры,20,29,2,2,1.21
693,разбавить спирт сырец водой калькулятор,2020-10-30 16:40:21.7568175,0,Калькулятор дробной перегонки спирта-сырца: (вторая перегонка),11,29,5,5,1.52
754,процесс смешивания спирта с водой,2022-01-20 09:49:38.3826824,0,калькулятор разбавления самогона водой,5,29,5,5,
764,смешивание самогона разной крепости,2022-01-20 15:46:51.3117502,0,Калькулятор смешивания спиртов,18,29,3,3,
281,калькулятор изопропилового спирта,2020-10-30 16:40:21.7578148,0,калькулятор разбавления самогона водой,5,28,4,4,1.43
765,почему при смешивании самогон мутнеет,2022-01-20 15:46:51.3127481,0,Калькулятор смешивания спиртов,18,28,7,7,
27,калькулятор самогонщика пожалуйста,2020-10-30 16:34:29.660619,0,Все,3,27,7,7,1.78
28,сайт калькулятор самогонщика,2020-10-30 16:34:29.6616248,0,Все,3,27,3,2,1.22
282,алкогольный калькулятор разведения спирта,2020-10-30 16:40:21.7578148,0,калькулятор разбавления самогона водой,5,27,1,1,1.11
574,разбавить спирт до 40 градусов пропорция калькулятор,2020-10-30 16:40:21.7578148,0,калькулятор водки из спирта,21,27,25,25,3.78
29,смотреть калькулятор самогонщика,2020-10-30 16:34:29.6616248,0,Все,3,26,23,21,3.42
110,калькулятор пересчета спирта,2020-10-30 16:40:21.759807,0,Все,3,26,0,0,1.0
217,сколько воды в самогон калькулятор,2020-10-30 16:37:49.0150994,0,калькулятор разбавления самогона водой,5,26,2,2,1.23
283,разведение спирта до 70 калькулятор,2020-10-30 16:40:21.759807,0,калькулятор разбавления самогона водой,5,26,5,4,1.46
284,рассчитать спирт с водой калькулятор,2020-10-30 16:40:21.759807,0,калькулятор разбавления самогона водой,5,26,24,24,3.77
285,развести спирт водой калькулятор онлайн,2020-10-30 16:40:50.9629968,0,калькулятор разбавления самогона водой,5,25,4,4,1.48
343,калькулятор самогонщика скачать головы хвосты,2020-10-30 16:34:29.6616248,0,калькулятор самогонщика отбор голов,6,25,0,0,1.0
357,как посчитать головы в самогоне калькулятор,2020-10-30 16:37:49.0150994,0,калькулятор самогонщика отбор голов,6,25,28,28,4.36
379,развести спирт до 40 градусов калькулятор онлайн,2020-10-30 16:40:21.759807,0,развести самогон или спирт до 40 градусов калькулятор,9,25,5,5,1.6
515,калькулятор самогонщика смешивание самогона,2020-10-30 16:34:29.6616248,0,Калькулятор смешивания спиртов,18,25,12,12,2.44
111,калькулятор спирта в напитках,2020-10-30 16:40:50.9709742,0,Все,3,24,5,5,1.62
218,сколько воды добавить в самогон калькулятор,2020-10-30 16:37:49.0150994,0,калькулятор разбавления самогона водой,5,24,13,10,2.25
286,алкогольный калькулятор онлайн разведение спирта,2020-10-30 16:40:50.9719732,0,калькулятор разбавления самогона водой,5,24,23,23,3.87
397,калькулятор самогонщика онлайн расчет спирта сырца,2020-10-30 16:34:29.6626161,0,Калькулятор дробной перегонки спирта-сырца: (вторая перегонка),11,24,0,0,1.0
468,калькулятор самогонщика онлайн расчет браги,2020-10-30 16:34:29.6626161,0,спирт из браги,13,24,16,16,3.0
536,калькулятор абсолютного спирта в сырце онлайн,2020-10-30 16:40:50.9709742,0,калькулятор абсолютного спирта,19,24,22,22,3.75
583,как разбавить спирт 95 до 40 калькулятор,2020-10-30 16:40:50.9709742,0,калькулятор водки из спирта,21,24,7,7,1.87
599,калькулятор самогонщика онлайн расчет первой перегонки,2020-10-30 16:34:29.6626161,0,калькулятор самогонщика первая перегонка,25,24,1,0,1.0
749,пропорции смешивания спирта с водой,2022-01-20 09:49:38.3826824,0,калькулятор разбавления самогона водой,5,24,14,10,
30,калькулятор самогонщика показать,2020-10-30 16:34:29.6636109,0,Все,3,23,18,18,3.35
287,разбавка спирта калькулятор,2020-10-30 16:40:50.9719732,0,калькулятор разбавления самогона водой,5,23,2,1,1.13
366,отбор голов по спирту калькулятор,2020-10-30 16:40:50.9719732,0,калькулятор самогонщика отбор голов,6,23,12,11,2.43
490,сколько спирта в пиве калькулятор,2020-10-30 16:40:50.9729708,0,калькулятор спирта в пиве,15,23,14,14,2.82
524,смешивание двух спиртов калькулятор,2020-10-30 16:40:50.9729708,0,Калькулятор смешивания спиртов,18,23,10,9,2.17
541,калькулятор самогонщика по температуре онлайн,2020-10-30 16:34:29.6626161,0,калькулятор спирта от температуры,20,23,20,20,3.61
776,смешивание воды со спиртом,2022-01-20 09:49:38.3826824,0,калькулятор разбавления самогона водой,5,23,1,0,
779,самогон мутнеет при смешивании с водой,2022-01-20 15:46:51.3127481,0,калькулятор разбавления самогона водой,5,23,,,
780,таблица смешивания самогона с водой,2022-01-20 15:46:51.3127481,0,калькулятор разбавления самогона водой,5,23,,,
358,сколько голов снимать с самогона калькулятор,2020-10-30 16:37:49.0150994,0,калькулятор самогонщика отбор голов,6,22,3,3,1.41
372,калькулятор самогонщика развести самогон до 40,2020-10-30 16:34:29.6636109,0,развести самогон или спирт до 40 градусов калькулятор,9,22,5,5,1.68
449,калькулятор самогонщика онлайн колба,2020-10-30 16:34:29.6636109,0,конкуренты,12,22,24,24,4.27
450,alcofan калькулятор самогонщика,2020-10-30 16:34:29.6636109,0,конкуренты,12,22,12,12,2.64
553,крепость спирта в зависимости от температуры калькулятор,2020-10-30 16:40:50.9729708,0,калькулятор спирта от температуры,20,22,24,15,3.04
565,калькулятор перевода спирта в водку,2020-10-30 16:40:50.9729708,0,калькулятор водки из спирта,21,22,18,10,2.36
585,разбавить спирт до 40 онлайн калькулятор,2020-10-30 16:40:50.9729708,0,калькулятор водки из спирта,21,22,0,0,1.0
768,калькулятор смешивания самогона разной крепости,2022-01-20 15:46:51.3127481,0,Калькулятор смешивания спиртов,18,22,22,15,
288,смешать спирт с водой калькулятор,2020-10-30 16:40:50.9729708,0,калькулятор разбавления самогона водой,5,21,11,10,2.43
398,калькулятор самогонщика онлайн вторая перегонка спирта,2020-10-30 16:34:29.6636109,0,Калькулятор дробной перегонки спирта-сырца: (вторая перегонка),11,21,0,0,1.0
112,калькулятор спирта перегон,2020-10-30 16:40:50.9739687,0,Все,3,20,0,0,1.0
289,формула разбавления спирта до нужного градуса калькулятор,2020-10-30 16:40:50.9729708,0,калькулятор разбавления самогона водой,5,20,21,21,4.15
290,калькулятор разбавления спирта в граммах,2020-10-30 16:40:50.9729708,0,калькулятор разбавления самогона водой,5,20,0,0,1.0
291,самогонный калькулятор разбавления спирта,2020-10-30 16:40:50.9739687,0,калькулятор разбавления самогона водой,5,20,4,4,1.6
292,калькулятор разбавления спирта водой в граммах,2020-10-30 16:40:50.9739687,0,калькулятор разбавления самогона водой,5,20,3,3,1.45
584,разбавить спирт 95 до 40 градусов калькулятор,2020-10-30 16:40:50.9739687,0,калькулятор водки из спирта,21,20,7,7,2.05
640,развести спирт водой таблица калькулятор,2020-10-30 16:40:50.9739687,0,таблица разбавления самогона водой калькулятор,55,20,21,21,4.15
685,как разбавлять самогон для второго перегона калькулятор,2020-10-30 16:37:49.0150994,0,Калькулятор дробной перегонки спирта-сырца: (вторая перегонка),11,20,23,19,3.85
725,калькулятор смешивания спиртов онлайн,2022-01-20 09:49:38.3826824,0,Калькулятор смешивания спиртов,18,20,10,6,
772,уменьшение объема при смешивании воды и спирта,2022-01-20 09:49:38.3826824,0,калькулятор разбавления самогона водой,5,20,8,7,
79,расчет крепости самогона калькулятор,2020-10-30 16:37:49.0160975,0,Все,3,19,11,11,2.74
124,калькулятор винокура и самогонщика онлайн,2020-10-30 16:34:29.6666048,0,Главная,4,19,13,13,3.05
219,алкогольный калькулятор для разбавления самогона водой,2020-10-30 16:37:49.0160975,0,калькулятор разбавления самогона водой,5,19,17,17,3.68
373,калькулятор самогонщика развести самогон до 40 градусов,2020-10-30 16:34:29.6666048,0,развести самогон или спирт до 40 градусов калькулятор,9,19,19,19,4.0
411,калькулятор дробной перегонки самогона онлайн бесплатно,2020-10-30 16:37:49.0160975,0,Калькулятор дробной перегонки спирта-сырца: (вторая перегонка),11,19,19,19,4.0
566,водка из спирта пропорции калькулятор,2020-10-30 16:40:50.9739687,0,калькулятор водки из спирта,21,19,18,8,2.26
31,калькулятор самогонщика найти,2020-10-30 16:34:57.7916788,0,Все,3,18,15,12,3.0
32,калькулятор самогонщика точный,2020-10-30 16:34:57.7916788,0,Все,3,18,10,10,2.67
220,калькулятор развода самогона,2020-10-30 16:38:18.5133502,0,калькулятор разбавления самогона водой,5,18,4,4,1.67
294,калькулятор развода спирта с водой,2020-10-30 16:40:50.9749643,0,калькулятор разбавления самогона водой,5,18,14,14,3.33
344,калькулятор самогонщика расчет отбора голов,2020-10-30 16:34:57.7906799,0,калькулятор самогонщика отбор голов,6,18,5,5,1.83
567,как из спирта сделать водку калькулятор,2020-10-30 16:40:50.9749643,0,калькулятор водки из спирта,21,18,13,13,3.16
668,как развести самогон калькулятор онлайн,2020-10-30 16:37:49.0160975,0,калькулятор самогонщика разбавление самогона водой после второй,26,18,9,9,2.5
687,разбавить спирт сырец для дробной перегонки калькулятор,2020-10-30 16:40:50.9739687,0,Калькулятор дробной перегонки спирта-сырца: (вторая перегонка),11,18,17,17,3.83
689,калькулятор самогонщика расчет разбавления спирта сырца,2020-10-30 16:34:57.7916788,0,Калькулятор дробной перегонки спирта-сырца: (вторая перегонка),11,18,16,16,3.66
695,калькулятор самогонщика разбавление спирта сырца водой,2020-10-30 16:34:57.7886967,0,Калькулятор дробной перегонки спирта-сырца: (вторая перегонка),11,18,4,4,1.67
727,калькулятор самогонщика смешивание спиртов,2022-01-20 09:49:38.3826824,0,Калькулятор смешивания спиртов,18,18,0,0,
113,калькулятор добавление спирта,2020-10-30 16:40:50.9749643,0,Все,3,17,0,0,1.0
221,смешивание самогона с водой калькулятор,2020-10-30 16:38:18.517342,0,калькулятор разбавления самогона водой,5,17,14,7,2.23
345,калькулятор самогонщика отбор голов тела и хвостов,2020-10-30 16:34:57.7916788,0,калькулятор самогонщика отбор голов,6,17,19,19,4.35
429,калькулятор для спирта сырца онлайн,2020-10-30 16:40:50.9749643,0,Калькулятор дробной перегонки спирта-сырца: (вторая перегонка),11,17,0,0,1.0
480,выход спирта из сахарной браги калькулятор,2020-10-30 16:40:50.9749643,0,спирт из браги,13,17,2,2,1.35
554,калькулятор температуры спирта и градуса,2020-10-30 16:40:50.9749643,0,калькулятор спирта от температуры,20,17,17,17,4.0
750,время смешивания спирта с водой,2022-01-20 09:49:38.3826824,0,калькулятор разбавления самогона водой,5,17,9,8,
114,калькулятор спирта ромовый дневник,2020-10-30 16:40:50.9759616,0,Все,3,16,4,4,1.75
164,калькулятор самогонщика расчет разбавления спирта водой,2020-10-30 16:34:57.7916788,0,калькулятор разбавления самогона водой,5,16,15,15,3.81
222,калькулятор разбавки самогона водой,2020-10-30 16:38:18.5183343,0,калькулятор разбавления самогона водой,5,16,0,0,1.0
295,калькулятор расчета спирта с водой,2020-10-30 16:40:50.9749643,0,калькулятор разбавления самогона водой,5,16,12,12,3.25
296,самый точный калькулятор спирта,2020-10-30 16:40:50.9759616,0,калькулятор разбавления самогона водой,5,16,2,2,1.37
297,самогонный калькулятор разбавления спирта водой,2020-10-30 16:40:50.9759616,0,калькулятор разбавления самогона водой,5,16,13,13,3.44
380,развести спирт 95 до 40 градусов калькулятор,2020-10-30 16:40:50.9759616,0,развести самогон или спирт до 40 градусов калькулятор,9,16,8,8,2.5
451,леопольд калькулятор самогонщика,2020-10-30 16:34:57.7916788,0,конкуренты,12,16,2,0,1.0
452,погребок24 ру калькулятор самогонщика,2020-10-30 16:34:57.7922079,0,конкуренты,12,16,16,16,4.0
453,samcalc калькулятор самогонщика,2020-10-30 16:34:57.7922079,0,конкуренты,12,16,18,18,4.37
469,калькулятор самогонщика выход из браги,2020-10-30 16:34:57.7922079,0,спирт из браги,13,16,1,1,1.19
487,калькулятор спирта в крови,2020-10-30 16:40:50.9749643,0,калькулятор спирта в крови,14,16,2,2,1.37
537,калькулятор как посчитать абсолютный спирт,2020-10-30 16:40:50.9749643,0,калькулятор абсолютного спирта,19,16,0,0,1.0
555,температура спирта и крепость калькулятор,2020-10-30 16:40:50.9759616,0,калькулятор спирта от температуры,20,16,13,11,3.06
568,калькулятор водки из спирта онлайн,2020-10-30 16:40:50.9759616,0,калькулятор водки из спирта,21,16,17,17,4.18
604,калькулятор крепости самогона разбавить,2020-10-30 16:38:18.5183343,0,калькулятор самогонщика разбавление самогона водой после второй,26,16,14,14,3.62
646,калькулятор разбавки самогона водой таблица,2020-10-30 16:38:18.5183343,0,таблица разбавления самогона водой калькулятор,55,16,9,9,2.69
33,самогон саныч калькулятор самогонщика,2020-10-30 16:34:57.792745,0,Все,3,15,13,13,3.6
34,калькулятор самогонщика в мл,2020-10-30 16:34:57.792745,0,Все,3,15,9,9,2.8
430,калькулятор второй дробной перегонки спирта сырца,2020-10-30 16:41:18.805988,0,Калькулятор дробной перегонки спирта-сырца: (вторая перегонка),11,15,16,14,3.8
454,калькулятор самогонщика онлайн дымофф,2020-10-30 16:34:57.792745,0,конкуренты,12,15,17,17,4.4
481,выход спирта сырца из сахарной браги калькулятор,2020-10-30 16:40:50.9759616,0,спирт из браги,13,15,6,6,2.2
505,калькулятор самогонщика эксель,2020-10-30 16:34:57.792745,0,приложение,17,15,8,8,2.6
538,расчет абсолютного спирта в спирте сырце калькулятор,2020-10-30 16:41:18.8069833,0,калькулятор абсолютного спирта,19,15,15,15,4.0
556,погрешность измерения спирта от температуры калькулятор,2020-10-30 16:40:50.9759616,0,калькулятор спирта от температуры,20,15,14,14,3.8
592,развести спирт до 70 градусов пропорции калькулятор,2020-10-30 16:41:18.8069833,0,развести спирт до 70 калькулятор,23,15,15,15,4.0
729,смешивание спиртов разной крепости калькулятор самогонщика,2022-01-20 09:49:38.3826824,0,Калькулятор смешивания спиртов,18,15,15,15,
748,калькулятор расчета смешивания спирта с водой,2022-01-20 09:49:38.3826824,0,калькулятор разбавления самогона водой,5,15,15,14,
35,бражный калькулятор самогонщика,2020-10-30 16:34:57.7937188,0,Все,3,14,9,9,2.93
81,калькулятор алкоголя самогон,2020-10-30 16:38:18.5183343,0,Все,3,14,1,0,1.0
431,калькулятор ректификации спирта,2020-10-30 16:41:18.8079803,0,Калькулятор дробной перегонки спирта-сырца: (вторая перегонка),11,14,4,4,1.86
455,калксам калькулятор самогонщика,2020-10-30 16:34:57.7937188,0,конкуренты,12,14,15,15,4.21
474,расчет выхода самогона из браги калькулятор,2020-10-30 16:38:18.5183343,0,спирт из браги,13,14,14,14,4.0
482,сколько спирта в браге калькулятор,2020-10-30 16:41:18.8079803,0,спирт из браги,13,14,12,12,3.57
493,перевести спирт из кг в литры калькулятор,2020-10-30 16:41:18.8079803,0,перевести кг спирта в литры,16,14,8,8,2.71
506,плей маркет калькулятор самогонщика,2020-10-30 16:34:57.7937188,0,приложение,17,14,8,8,2.71
513,калькулятор самогонщика для ios,2020-10-30 16:34:57.7937188,0,приложение,17,14,6,6,2.28
516,калькулятор самогонщика смешивание самогона онлайн,2020-10-30 16:34:57.7937188,0,Калькулятор смешивания спиртов,18,14,8,8,2.71
36,простой калькулятор самогонщика,2020-10-30 16:34:57.7937188,0,Все,3,13,9,9,3.07
37,калькулятор самогонщика расчет сахара и дрожжей,2020-10-30 16:34:57.7937188,0,Все,3,13,10,10,3.31
38,калькулятор самогонщика онлайн выход,2020-10-30 16:34:57.7937188,0,Все,3,13,0,0,1.0
39,самый лучший калькулятор самогонщика,2020-10-30 16:34:57.7937188,0,Все,3,13,6,6,2.38
40,формула самогонщика калькулятор,2020-10-30 16:34:57.7947156,0,Все,3,13,9,9,3.07
41,календарь самогонщика калькулятор самогонщика,2020-10-30 16:34:57.7947156,0,Все,3,13,8,8,2.84
82,дом самогона калькулятор,2020-10-30 16:38:18.5193324,0,Все,3,13,12,12,3.77
115,калькулятор концентрации спирта,2020-10-30 16:41:18.8079803,0,Все,3,13,8,6,2.38
165,калькулятор самогонщика разбавление соком,2020-10-30 16:34:57.7937188,0,калькулятор разбавления самогона водой,5,13,14,14,4.23
298,калькулятор спирта для разведения водой в граммах,2020-10-30 16:41:18.8079803,0,калькулятор разбавления самогона водой,5,13,14,14,4.23
299,алкогольный калькулятор разбавить спирт,2020-10-30 16:41:18.8079803,0,калькулятор разбавления самогона водой,5,13,2,1,1.23
300,формула разведения спирта водой калькулятор,2020-10-30 16:41:18.8079803,0,калькулятор разбавления самогона водой,5,13,12,11,3.54
301,разбавление спирта водой правило калькулятор,2020-10-30 16:41:18.8089782,0,калькулятор разбавления самогона водой,5,13,10,10,3.31
302,как правильно разбавить спирт калькулятор,2020-10-30 16:41:18.8089782,0,калькулятор разбавления самогона водой,5,13,2,2,1.46
399,калькулятор самогонщика онлайн расчет второй перегон,2020-10-30 16:34:57.7937188,0,Калькулятор дробной перегонки спирта-сырца: (вторая перегонка),11,13,11,11,3.54
432,дробная перегонка спирта сырца таблица калькулятор,2020-10-30 16:41:18.8079803,0,Калькулятор дробной перегонки спирта-сырца: (вторая перегонка),11,13,4,4,1.92
456,калькулятор самогонщика леопольда грея,2020-10-30 16:34:57.7937188,0,конкуренты,12,13,2,2,1.46
457,calcsam калькулятор самогонщика 4.02 русский,2020-10-30 16:34:57.7937188,0,конкуренты,12,13,0,0,1.0
470,калькулятор самогонщика брага из сахара,2020-10-30 16:34:57.7937188,0,спирт из браги,13,13,14,14,4.23
542,калькулятор самогонщика коррекция по температуре,2020-10-30 16:34:57.7947156,0,калькулятор спирта от температуры,20,13,11,11,3.54
557,поправка на температуру при измерении спирта калькулятор,2020-10-30 16:41:18.8089782,0,калькулятор спирта от температуры,20,13,13,13,4.0
561,разбавление самогона водой калькулятор онлайн с температурой,2020-10-30 16:38:18.5193324,0,калькулятор спирта от температуры,20,13,13,13,4.0
589,калькулятор веса этилового спирта,2020-10-30 16:41:18.8089782,0,калькулятор этилового спирта,22,13,5,4,1.92
652,таблица разведения самогона добавлением воды калькулятор,2020-10-30 16:38:18.5193324,0,таблица разбавления самогона водой калькулятор,55,13,7,7,2.61
771,при смешивании воды и спирта тест,2022-01-20 09:49:38.3836801,0,калькулятор разбавления самогона водой,5,13,11,11,
42,калькулятор самогонщика онлайн и нет нам покоя,2020-10-30 16:34:57.7947156,0,Все,3,12,13,13,4.25
43,онлайн калькулятор помощник самогонщика,2020-10-30 16:34:57.7947156,0,Все,3,12,9,9,3.25
116,калькулятор настоек на спирту,2020-10-30 16:41:18.8099743,0,Все,3,12,10,10,3.5
225,самогон разбавить водой пропорции калькулятор,2020-10-30 16:38:18.5193324,0,калькулятор разбавления самогона водой,5,12,6,6,2.5
303,самый точный калькулятор разбавления спирта,2020-10-30 16:41:18.8089782,0,калькулятор разбавления самогона водой,5,12,2,2,1.5
304,калькулятор процентов спирта с водой,2020-10-30 16:41:18.8099743,0,калькулятор разбавления самогона водой,5,12,9,9,3.25
381,как развести самогон до 45 калькулятор,2020-10-30 16:38:18.5193324,0,как развести самогон или спирт до 45 калькулятор,10,12,4,4,2.0
400,калькулятор самогонщика 2 перегонка,2020-10-30 16:34:57.7947156,0,Калькулятор дробной перегонки спирта-сырца: (вторая перегонка),11,12,13,13,4.25
458,alcofan com калькулятор самогонщика,2020-10-30 16:34:57.7947156,0,конкуренты,12,12,12,12,4.0
525,калькулятор смешения спиртов разной крепости,2020-10-30 16:41:18.8099743,0,Калькулятор смешивания спиртов,18,12,12,12,4.0
593,развести 96 спирт до 70 градусов калькулятор,2020-10-30 16:41:18.8089782,0,развести спирт до 70 калькулятор,23,12,6,6,2.5
756,правила смешивания спирта с водой,2022-01-20 09:49:38.3836801,0,калькулятор разбавления самогона водой,5,12,3,3,
781,калькулятор смешивания самогона с водой,2022-01-20 15:46:51.3127481,0,калькулятор разбавления самогона водой,5,12,,,
782,разбавить спирт до водки калькулятор,2020-10-30 16:41:18.8109809,0,калькулятор водки из спирта,21,12,7,7,2.75
44,спиртовой калькулятор самогонщика,2020-10-30 16:35:26.5579259,0,Все,3,11,4,4,2.09
166,как разбавить спирт калькулятор самогонщика,2020-10-30 16:35:26.5579259,0,калькулятор разбавления самогона водой,5,11,4,4,2.09
226,развод самогона водой калькулятор,2020-10-30 16:38:18.5193324,0,калькулятор разбавления самогона водой,5,11,7,3,1.82
227,пропорции самогона и воды калькулятор,2020-10-30 16:38:18.5203372,0,калькулятор разбавления самогона водой,5,11,7,7,2.91
306,калькулятор разбавки спирта с водой,2020-10-30 16:41:18.8119791,0,калькулятор разбавления самогона водой,5,11,14,10,3.72
307,как правильно разбавить спирт водой калькулятор,2020-10-30 16:41:18.8119791,0,калькулятор разбавления самогона водой,5,11,7,6,2.63
308,алкогольный калькулятор для разбавления спирта водой,2020-10-30 16:41:18.8119791,0,калькулятор разбавления самогона водой,5,11,10,10,3.72
310,ромовый калькулятор разбавления спирта,2020-10-30 16:41:18.8129759,0,калькулятор разбавления самогона водой,5,11,2,2,1.54
346,калькулятор самогонщика онлайн выход тела головы,2020-10-30 16:35:26.5579259,0,калькулятор самогонщика отбор голов,6,11,0,0,1.0
347,калькулятор самогонщика выход тела головы хвостов,2020-10-30 16:35:26.5579259,0,калькулятор самогонщика отбор голов,6,11,0,0,1.0
359,калькулятор самогона головы тело хвосты,2020-10-30 16:38:18.5203372,0,калькулятор самогонщика отбор голов,6,11,9,9,3.45
360,количество голов в самогоне калькулятор рассчитать,2020-10-30 16:38:18.5203372,0,калькулятор самогонщика отбор голов,6,11,10,10,3.72
361,расчет количества голов в самогоне калькулятор,2020-10-30 16:38:18.5203372,0,калькулятор самогонщика отбор голов,6,11,11,11,4.0
367,калькулятор абсолютного спирта и отбора голов,2020-10-30 16:41:18.8119791,0,калькулятор самогонщика отбор голов,6,11,10,10,3.72
382,развести спирт до 45 градусов калькулятор,2020-10-30 16:41:18.8119791,0,как развести самогон или спирт до 45 калькулятор,10,11,8,8,3.18
401,калькулятор самогонщика онлайн выход тела,2020-10-30 16:34:57.7947156,0,Калькулятор дробной перегонки спирта-сырца: (вторая перегонка),11,11,0,0,1.0
402,калькулятор самогонщика выход тела,2020-10-30 16:35:26.5509628,0,Калькулятор дробной перегонки спирта-сырца: (вторая перегонка),11,11,0,0,1.0
433,онлайн калькулятор дробной перегонки спирта сердца,2020-10-30 16:41:18.8129759,0,Калькулятор дробной перегонки спирта-сырца: (вторая перегонка),11,11,9,9,3.45
459,калькулятор самогонщика pogrebok,2020-10-30 16:35:26.5539369,0,конкуренты,12,11,9,9,3.45
507,мобильный калькулятор самогонщика,2020-10-30 16:35:26.5569511,0,приложение,17,11,10,10,3.72
526,смесь спиртов калькулятор,2020-10-30 16:41:18.8129759,0,Калькулятор смешивания спиртов,18,11,5,4,2.09
543,калькулятор самогонщика измерение при разных температурах,2020-10-30 16:35:26.5579259,0,калькулятор спирта от температуры,20,11,11,11,4.0
562,калькулятор самогонщика разбавление и температура,2020-10-30 16:34:57.7947156,0,калькулятор спирта от температуры,20,11,11,11,4.0
647,таблица разведения спирта водой калькулятор онлайн,2020-10-30 16:41:18.8129759,0,таблица разбавления самогона водой калькулятор,55,11,9,9,3.45
666,калькулятор алкоголя развести спирт,2020-10-30 16:41:18.8129759,0,калькулятор самогонщика разбавление самогона водой после второй,26,11,12,12,4.27
757,спирт нагревается при смешивании с водой,2022-01-20 09:49:38.3836801,0,калькулятор разбавления самогона водой,5,11,3,3,
45,калькулятор алкоголика самогонщика,2020-10-30 16:35:26.5579259,0,Все,3,10,10,10,4.0
46,калькулятор онлайн бесплатно самогонщика,2020-10-30 16:35:26.5579259,0,Все,3,10,0,0,1.0
125,калькулятор самогонщика в миллилитрах онлайн,2020-10-30 16:35:26.5589213,0,Главная,4,10,10,10,4.0
228,разбавитель самогона водой калькулятор,2020-10-30 16:38:18.5203372,0,калькулятор разбавления самогона водой,5,10,9,9,3.7
311,самый точный калькулятор разбавления спирта водой,2020-10-30 16:41:18.8129759,0,калькулятор разбавления самогона водой,5,10,8,8,3.4
312,калькулятор разбавления вина спиртом,2020-10-30 16:41:18.8129759,0,калькулятор разбавления самогона водой,5,10,7,7,3.1
313,точный калькулятор разбавления спирта водой,2020-10-30 16:41:18.8129759,0,калькулятор разбавления самогона водой,5,10,0,0,1.0
348,калькулятор самогонщика онлайн расчет отбор голов,2020-10-30 16:35:26.5579259,0,калькулятор самогонщика отбор голов,6,10,3,3,1.9
362,отделение голов в самогоне калькулятор,2020-10-30 16:38:18.5203372,0,калькулятор самогонщика отбор голов,6,10,10,10,4.0
434,калькулятор расчета спирта из сырца,2020-10-30 16:41:18.8129759,0,Калькулятор дробной перегонки спирта-сырца: (вторая перегонка),11,10,6,6,2.8
475,калькулятор первой перегонки браги в самогон,2020-10-30 16:38:18.5203372,0,спирт из браги,13,10,8,8,3.4
486,сколько выветривается самогон из организма калькулятор,2020-10-30 16:38:18.5203372,0,калькулятор спирта в крови,14,10,0,0,1.0
569,перевести спирт в водку калькулятор,2020-10-30 16:41:18.8129759,0,калькулятор водки из спирта,21,10,11,11,4.3
758,мутнеет спирт при смешивании с водой,2022-01-20 09:49:38.3836801,0,калькулятор разбавления самогона водой,5,10,3,3,
48,электронный калькулятор самогонщика,2020-10-30 16:35:26.5589213,0,Все,3,9,7,7,3.33
49,крепость на выходе в калькуляторе самогонщика,2020-10-30 16:35:26.5589213,0,Все,3,9,1,1,1.33
50,космогон калькулятор самогонщика,2020-10-30 16:35:26.5599208,0,Все,3,9,6,6,3.0
118,таблица фридмана для спирта калькулятор,2020-10-30 16:41:18.8139664,0,Все,3,9,7,7,3.33
314,калькулятор содержания спирта в водно спиртовом растворе,2020-10-30 16:41:18.8139664,0,калькулятор разбавления самогона водой,5,9,5,1,1.33
315,ромовый дневник калькулятор разбавления спирта,2020-10-30 16:41:18.8139664,0,калькулятор разбавления самогона водой,5,9,9,9,4.0
316,калькулятор алкоголя спирта и воды,2020-10-30 16:41:18.8139664,0,калькулятор разбавления самогона водой,5,9,3,3,2.0
317,калькулятор разбавления спирта водой погребок,2020-10-30 16:41:18.8139664,0,калькулятор разбавления самогона водой,5,9,11,11,4.66
363,калькулятор снятия голов самогона,2020-10-30 16:38:18.5203372,0,калькулятор самогонщика отбор голов,6,9,4,4,2.33
483,расчет спирта в браге калькулятор,2020-10-30 16:41:18.8139664,0,спирт из браги,13,9,7,5,2.66
494,калькулятор перевода спирта из кг в литры,2020-10-30 16:41:18.8129759,0,перевести кг спирта в литры,16,9,3,1,1.33
527,калькулятор смешивания двух спиртов разной крепости,2020-10-30 16:41:18.8139664,0,Калькулятор смешивания спиртов,18,9,8,8,3.66
594,спирт из 96 в 70 калькулятор,2020-10-30 16:41:18.8129759,0,развести спирт до 70 калькулятор,23,9,7,6,3.0
669,калькулятор самогонщика как правильно развести самогон,2020-10-30 16:35:26.5589213,0,калькулятор самогонщика разбавление самогона водой после второй,26,9,5,5,2.66
690,калькулятор спирта сырца для разведения с водой,2020-10-30 16:41:18.8139664,0,Калькулятор дробной перегонки спирта-сырца: (вторая перегонка),11,9,9,9,4.0
736,формула смешивания спирта разной крепости,2022-01-20 09:49:38.3836801,0,Калькулятор смешивания спиртов,18,9,9,7,
752,формула смешивания спирта с водой,2022-01-20 09:49:38.3836801,0,калькулятор разбавления самогона водой,5,9,8,8,
51,калькулятор самогонщика из пшеницы,2020-10-30 16:35:26.5609163,0,Все,3,8,8,8,4.0
52,калькулятор самогонщика самогонофф,2020-10-30 16:35:26.5609163,0,Все,3,8,5,5,2.87
119,выход спирта из сахара калькулятор,2020-10-30 16:41:18.8149615,0,Все,3,8,9,9,4.37
167,калькулятор самогонщика разбавление самогона водой градусов,2020-10-30 16:35:26.5599208,0,калькулятор разбавления самогона водой,5,8,6,6,3.25
229,алкогольный калькулятор как разбавить самогон,2020-10-30 16:38:18.5203372,0,калькулятор разбавления самогона водой,5,8,8,8,4.0
230,как разводить самогон с водой правильно калькулятор,2020-10-30 16:38:18.5213267,0,калькулятор разбавления самогона водой,5,8,3,3,2.12
231,алкогольный калькулятор для разведения самогона,2020-10-30 16:38:18.5213267,0,калькулятор разбавления самогона водой,5,8,6,6,3.25
319,калькулятор смешения спирта с водой,2020-10-30 16:41:18.8139664,0,калькулятор разбавления самогона водой,5,8,7,4,2.5
320,как разбавить спирт 95 до 70 калькулятор,2020-10-30 16:41:46.6748105,0,калькулятор разбавления самогона водой,5,8,5,5,2.87
349,как отобрать голову калькулятор самогонщика,2020-10-30 16:35:26.5609163,0,калькулятор самогонщика отбор голов,6,8,0,0,1.0
364,сколько голов убирать с самогона калькулятор,2020-10-30 16:38:18.5203372,0,калькулятор самогонщика отбор голов,6,8,8,8,4.0
460,красноярский калькулятор самогонщика,2020-10-30 16:35:26.5609163,0,конкуренты,12,8,7,7,3.62
508,калькулятор самогонщика руди,2020-10-30 16:35:26.5599208,0,приложение,17,8,1,1,1.37
544,калькулятор самогонщика температура крепость,2020-10-30 16:35:26.5599208,0,калькулятор спирта от температуры,20,8,5,5,2.87
558,калькулятор спирта от температуры онлайн корректировка,2020-10-30 16:41:18.8139664,0,калькулятор спирта от температуры,20,8,8,8,4.0
53,самогонная лавка калькулятор самогонщика,2020-10-30 16:35:26.5609163,0,Все,3,7,11,11,5.71
54,алиса калькулятор самогонщика пожалуйста,2020-10-30 16:35:26.5609163,0,Все,3,7,1,1,1.43
55,калькулятор самогонщика онлайн атмосферное давление,2020-10-30 16:35:26.5619237,0,Все,3,7,8,8,4.42
56,алконавт калькулятор самогонщика,2020-10-30 16:35:26.5619237,0,Все,3,7,10,10,5.28
168,калькулятор самогонщика спирта для разведения водой,2020-10-30 16:35:26.5609163,0,калькулятор разбавления самогона водой,5,7,9,9,4.85
350,сколько процентов хвостов забивать в калькулятор самогонщика,2020-10-30 16:35:26.5609163,0,калькулятор самогонщика отбор голов,6,7,2,2,1.85
371,вес спирта в 1 литре калькулятор,2020-10-30 16:41:46.6758083,0,перевести спирт из кг в литры калькулятор,8,7,6,6,3.57
412,калькулятор дробления самогона,2020-10-30 16:38:18.5213267,0,Калькулятор дробной перегонки спирта-сырца: (вторая перегонка),11,7,7,6,3.57
413,калькулятор отбора тела самогона,2020-10-30 16:38:18.5213267,0,Калькулятор дробной перегонки спирта-сырца: (вторая перегонка),11,7,8,8,4.42
414,калькулятор дробного перегона самогона,2020-10-30 16:38:18.5213267,0,Калькулятор дробной перегонки спирта-сырца: (вторая перегонка),11,7,6,5,3.14
435,вторая перегонка спирта сырца на колонне калькулятор,2020-10-30 16:41:46.6758083,0,Калькулятор дробной перегонки спирта-сырца: (вторая перегонка),11,7,4,4,2.71
484,количество спирта в браге как определить калькулятор,2020-10-30 16:41:46.6748105,0,спирт из браги,13,7,7,7,3.99
485,выход спирта из браги таблица калькулятор,2020-10-30 16:41:46.6758083,0,спирт из браги,13,7,4,4,2.71
495,перевести кг спирта в литры калькулятор онлайн,2020-10-30 16:41:46.6758083,0,перевести кг спирта в литры,16,7,7,6,3.57
596,как пользоваться калькулятором самогонщика правильно,2020-10-30 16:35:26.5609163,0,как пользоваться калькулятором самогонщика,24,7,7,7,3.99
601,выход самогона после второй перегонки калькулятор,2020-10-30 16:38:18.5213267,0,калькулятор самогонщика разбавление самогона водой после второй,26,7,7,7,3.99
649,алкогольный калькулятор для разбавления самогона водой таблица,2020-10-30 16:38:18.5213267,0,таблица разбавления самогона водой калькулятор,55,7,8,8,4.42
57,kl калькулятор самогонщика,2020-10-30 16:35:26.5619237,0,Все,3,6,7,7,4.49
58,будь добра калькулятор самогонщика,2020-10-30 16:35:26.5619237,0,Все,3,6,6,6,3.99
59,каксамогон ру калькулятор самогонщика,2020-10-30 16:35:26.5659107,0,Все,3,6,6,6,3.99
60,уральский самогонщик калькулятор,2020-10-30 16:35:56.2794941,0,Все,3,6,2,2,2.0
169,онлайн калькулятор самогонщика разбавка водой,2020-10-30 16:35:56.2774991,0,калькулятор разбавления самогона водой,5,6,10,8,4.99
233,онлайн калькулятор самогона и воды,2020-10-30 16:38:18.5213267,0,калькулятор разбавления самогона водой,5,6,5,5,3.49
321,алкогольный калькулятор разбавление спирта онлайн,2020-10-30 16:41:46.6758083,0,калькулятор разбавления самогона водой,5,6,5,5,3.49
322,алко калькулятор разбавления спирта,2020-10-30 16:41:46.6768045,0,калькулятор разбавления самогона водой,5,6,4,4,3.0
323,калькулятор разбавления спирта водой онлайн бесплатно,2020-10-30 16:41:46.6768045,0,калькулятор разбавления самогона водой,5,6,0,0,1.0
415,калькулятор выхода самогона из спирта сырца,2020-10-30 16:38:18.5213267,0,Калькулятор дробной перегонки спирта-сырца: (вторая перегонка),11,6,7,6,3.99
461,калькулятор самогонщика calc sam,2020-10-30 16:35:26.5659107,0,конкуренты,12,6,4,4,3.0
491,сколько спирта в пиве 0.5 калькулятор,2020-10-30 16:41:46.6768045,0,калькулятор спирта в пиве,15,6,5,5,3.49
509,калькулятор самогонщика 4pda,2020-10-30 16:35:26.5649436,0,приложение,17,6,5,5,3.49
510,калькулятор самогонщика таблица эксель,2020-10-30 16:35:56.2804923,0,приложение,17,6,6,6,3.99
518,смешать самогон разной крепости калькулятор,2020-10-30 16:38:18.5213267,0,Калькулятор смешивания спиртов,18,6,8,8,4.99
559,плотность спирта от температуры калькулятор,2020-10-30 16:41:46.6778034,0,калькулятор спирта от температуры,20,6,2,1,1.5
653,пропорции для разведения самогона водой таблица калькулятор,2020-10-30 16:38:18.5213267,0,таблица разбавления самогона водой калькулятор,55,6,5,5,3.49
740,формула смешивания спирта разной концентрации,2022-01-20 09:49:38.384678,0,Калькулятор смешивания спиртов,18,6,5,5,
753,расчет крепости спирта при смешивании с водой,2022-01-20 09:49:38.384678,0,калькулятор разбавления самогона водой,5,6,6,6,
773,опыт смешивание воды и спирта подтверждает что,2022-01-20 09:49:38.3836801,0,калькулятор разбавления самогона водой,5,6,5,4,
774,температура воды и спирта при смешивании,2022-01-20 09:49:38.384678,0,калькулятор разбавления самогона водой,5,6,3,3,
61,калькулятор самогонщика х,2020-10-30 16:35:56.2814898,0,Все,3,5,4,4,3.39
62,калькулятор самогонщика самка,2020-10-30 16:35:56.2814898,0,Все,3,5,5,5,3.99
63,таблицей фертмана или калькулятором самогонщика,2020-10-30 16:35:56.2824868,0,Все,3,5,5,5,3.99
83,калькулятор для определения крепости самогона,2020-10-30 16:38:18.5223237,0,Все,3,5,5,5,3.99
84,калькулятор расчета спирта в самогоне,2020-10-30 16:38:18.5223237,0,Все,3,5,4,4,3.39
85,калькулятор руд для самогона,2020-10-30 16:38:18.5223237,0,Все,3,5,4,4,3.39
86,онлайн калькулятор укрепления самогона,2020-10-30 16:38:44.6675413,0,Все,3,5,5,5,3.99
170,как разбавить спирт водой калькулятор самогонщика,2020-10-30 16:35:56.2804923,0,калькулятор разбавления самогона водой,5,5,4,4,3.39
171,русский дым калькулятор самогонщика разбавление водой,2020-10-30 16:35:56.2814898,0,калькулятор разбавления самогона водой,5,5,5,5,3.99
235,алкогольный калькулятор онлайн разведение самогона,2020-10-30 16:38:18.5223237,0,калькулятор разбавления самогона водой,5,5,6,6,4.59
325,развести спирт до 80 градусов калькулятор,2020-10-30 16:41:46.6788004,0,калькулятор разбавления самогона водой,5,5,4,4,3.39
326,алкозона калькулятор разбавления спирта,2020-10-30 16:41:46.6788004,0,калькулятор разбавления самогона водой,5,5,5,5,3.99
368,калькулятор спирта без голов,2020-10-30 16:41:46.6788004,0,калькулятор самогонщика отбор голов,6,5,3,3,2.79
403,калькулятор самогонщика онлайн дробная перегонка,2020-10-30 16:35:56.2814898,0,Калькулятор дробной перегонки спирта-сырца: (вторая перегонка),11,5,5,4,3.39
436,калькулятор скорости отбора спирта,2020-10-30 16:41:46.6778034,0,Калькулятор дробной перегонки спирта-сырца: (вторая перегонка),11,5,6,6,4.59
437,выход спирта при второй перегонке калькулятор,2020-10-30 16:41:46.6788004,0,Калькулятор дробной перегонки спирта-сырца: (вторая перегонка),11,5,5,4,3.39
438,калькулятор для расчета дробного перегона спирта,2020-10-30 16:41:46.6788004,0,Калькулятор дробной перегонки спирта-сырца: (вторая перегонка),11,5,5,5,3.99
462,калькулятор самогонщика русская днк,2020-10-30 16:35:56.2814898,0,конкуренты,12,5,7,7,5.19
463,калькулятор самогонщика онлайн расчет русский жар,2020-10-30 16:35:56.2814898,0,конкуренты,12,5,5,5,3.99
471,калькулятор самогонщика первая перегонка браги в самогон,2020-10-30 16:35:56.2814898,0,спирт из браги,13,5,5,5,3.99
488,калькулятор спирта в крови для водителей,2020-10-30 16:41:46.6778034,0,калькулятор спирта в крови,14,5,4,4,3.39
511,калькулятор самогонщика android,2020-10-30 16:35:56.2814898,0,приложение,17,5,4,4,3.39
512,лучший калькулятор самогонщика для iphone,2020-10-30 16:35:56.2804923,0,приложение,17,5,3,3,2.79
528,калькулятор самогонщика разбавление нескольких спиртовых групп,2020-10-30 16:35:56.2814898,0,Калькулятор смешивания спиртов,18,5,4,4,3.39
545,температурный калькулятор для самогонщика,2020-10-30 16:35:56.2824868,0,калькулятор спирта от температуры,20,5,2,2,2.2
560,корректировка спирта по температуре калькулятор,2020-10-30 16:41:46.6778034,0,калькулятор спирта от температуры,20,5,5,5,3.99
570,спирт развести до водки таблица калькулятор,2020-10-30 16:41:46.6788004,0,калькулятор водки из спирта,21,5,5,5,3.99
597,как пользоваться калькулятором самогонщика видео,2020-10-30 16:35:56.2814898,0,как пользоваться калькулятором самогонщика,24,5,6,6,4.59
655,таблица растворимости спирта в воде с калькулятором,2020-10-30 16:41:46.6778034,0,таблица разбавления самогона водой калькулятор,55,5,5,5,3.99
691,калькулятор самогонщика развести самогон для второго перегона,2020-10-30 16:35:56.2824868,0,Калькулятор дробной перегонки спирта-сырца: (вторая перегонка),11,5,5,5,3.99
692,калькулятор самогонщика онлайн разбавление спирта сырца,2020-10-30 16:35:56.2824868,0,Калькулятор дробной перегонки спирта-сырца: (вторая перегонка),11,5,5,5,3.99
741,онлайн калькулятор смешивания спиртов разной крепости,2022-01-20 09:49:38.384678,0,Калькулятор смешивания спиртов,18,5,5,5,
755,смешивание спирта с водой как правильно,2022-01-20 09:49:38.3856776,0,калькулятор разбавления самогона водой,5,5,5,5,
760,процесс смешивания спирта с водой называется,2022-01-20 09:49:38.384678,0,калькулятор разбавления самогона водой,5,5,0,0,
